pos.mean;pos.begin;pos.end;pos.scaffold;window;variable;value;analysis;scaffold_name;begin;end
28,7505;25,001;32,5;1;6;Cheese_1;0,00000000000000e+00;pi;CCBN010000001.1;25001;32500
48,7505;45,001;52,5;1;10;"Cheese_1;Cheese_3";2,12560386473430e-05;pi;CCBN010000001.1;45001;52500
53,7505;50,001;57,5;1;11;"Cheese_1;Cheese_3";0,00000000000000e+00;pi;CCBN010000001.1;50001;57500
68,7505;65,001;72,5;1;14;"Cheese_1;Cheese_3";0,00000000000000e+00;pi;CCBN010000001.1;65001;72500
268,7505;265,001;272,5;1;54;Cheese_1;0,00000000000000e+00;pi;CCBN010000001.1;265001;272500
608,7505;605,001;612,5;1;122;Cheese_1;0,00000000000000e+00;pi;CCBN010000001.1;605001;612500
653,7505;650,001;657,5;1;131;Cheese_1;0,00000000000000e+00;pi;CCBN010000001.1;650001;657500
1628,7505;1625,001;1632,5;1;326;"Cheese_1;Cheese_3";0,00000000000000e+00;pi;CCBN010000001.1;1625001;1632500
1943,7505;1940,001;1947,5;1;389;Cheese_1;0,00000000000000e+00;pi;CCBN010000001.1;1940001;1947500
1973,7505;1970,001;1977,5;1;395;Cheese_1;0,00000000000000e+00;pi;CCBN010000001.1;1970001;1977500
2028,7505;2025,001;2032,5;1;406;Cheese_1;0,00000000000000e+00;pi;CCBN010000001.1;2025001;2032500
2413,7505;2410,001;2417,5;1;483;Cheese_1;0,00000000000000e+00;pi;CCBN010000001.1;2410001;2417500
2418,7505;2415,001;2422,5;1;484;Cheese_1;0,00000000000000e+00;pi;CCBN010000001.1;2415001;2422500
2438,7505;2435,001;2442,5;1;488;Cheese_1;0,00000000000000e+00;pi;CCBN010000001.1;2435001;2442500
2443,7505;2440,001;2447,5;1;489;Cheese_1;0,00000000000000e+00;pi;CCBN010000001.1;2440001;2447500
2478,7505;2475,001;2482,5;1;496;Cheese_1;0,00000000000000e+00;pi;CCBN010000001.1;2475001;2482500
2573,7505;2570,001;2577,5;1;515;Cheese_1;0,00000000000000e+00;pi;CCBN010000001.1;2570001;2577500
43,7505;40,001;47,5;1;9;Cheese_3;2,22222222222222e-05;pi;CCBN010000001.1;40001;47500
138,7505;135,001;142,5;1;28;Cheese_3;4,25120772946860e-05;pi;CCBN010000001.1;135001;142500
248,7505;245,001;252,5;1;50;Cheese_3;2,22222222222222e-05;pi;CCBN010000001.1;245001;252500
888,7505;885,001;892,5;1;178;Cheese_3;4,97584541062802e-05;pi;CCBN010000001.1;885001;892500
998,7505;995,001;1002,5;1;200;Cheese_3;4,34782608695652e-05;pi;CCBN010000001.1;995001;1002500
1033,7505;1030,001;1037,5;1;207;Cheese_3;1,11111111111111e-05;pi;CCBN010000001.1;1030001;1037500
1063,7505;1060,001;1067,5;1;213;Cheese_3;4,44444444444444e-05;pi;CCBN010000001.1;1060001;1067500
1173,7505;1170,001;1177,5;1;235;Cheese_3;4,58937198067633e-05;pi;CCBN010000001.1;1170001;1177500
1408,7505;1405,001;1412,5;1;282;Cheese_3;2,65107212475634e-05;pi;CCBN010000001.1;1405001;1412500
1413,7505;1410,001;1417,5;1;283;Cheese_3;5,21739130434783e-05;pi;CCBN010000001.1;1410001;1417500
1558,7505;1555,001;1562,5;1;312;Cheese_3;2,22222222222222e-05;pi;CCBN010000001.1;1555001;1562500
1603,7505;1600,001;1607,5;1;321;Cheese_3;4,25120772946860e-05;pi;CCBN010000001.1;1600001;1607500
1613,7505;1610,001;1617,5;1;323;Cheese_3;3,33333333333333e-05;pi;CCBN010000001.1;1610001;1617500
1618,7505;1615,001;1622,5;1;324;Cheese_3;3,33333333333333e-05;pi;CCBN010000001.1;1615001;1622500
1623,7505;1620,001;1627,5;1;325;Cheese_3;3,23671497584541e-05;pi;CCBN010000001.1;1620001;1627500
1638,7505;1635,001;1642,5;1;328;Cheese_3;2,22222222222222e-05;pi;CCBN010000001.1;1635001;1642500
1643,7505;1640,001;1647,5;1;329;Cheese_3;3,33333333333333e-05;pi;CCBN010000001.1;1640001;1647500
183,7505;180,001;187,5;2;552;Cheese_1;1,15942028985507e-05;pi;CCBN010000002.1;180001;187500
558,7505;555,001;562,5;2;627;Cheese_1;0,00000000000000e+00;pi;CCBN010000002.1;555001;562500
563,7505;560,001;567,5;2;628;Cheese_1;0,00000000000000e+00;pi;CCBN010000002.1;560001;567500
753,7505;750,001;757,5;2;666;Cheese_1;0,00000000000000e+00;pi;CCBN010000002.1;750001;757500
758,7505;755,001;762,5;2;667;Cheese_1;0,00000000000000e+00;pi;CCBN010000002.1;755001;762500
778,7505;775,001;782,5;2;671;Cheese_1;1,15942028985507e-05;pi;CCBN010000002.1;775001;782500
803,7505;800,001;807,5;2;676;Cheese_1;0,00000000000000e+00;pi;CCBN010000002.1;800001;807500
948,7505;945,001;952,5;2;705;Cheese_1;1,15942028985507e-05;pi;CCBN010000002.1;945001;952500
1028,7505;1025,001;1032,5;2;721;Cheese_1;0,00000000000000e+00;pi;CCBN010000002.1;1025001;1032500
1948,7505;1945,001;1952,5;2;905;Cheese_1;0,00000000000000e+00;pi;CCBN010000002.1;1945001;1952500
1973,7505;1970,001;1977,5;2;910;Cheese_1;1,15942028985507e-05;pi;CCBN010000002.1;1970001;1977500
1978,7505;1975,001;1982,5;2;911;Cheese_1;0,00000000000000e+00;pi;CCBN010000002.1;1975001;1982500
1983,7505;1980,001;1987,5;2;912;Cheese_1;0,00000000000000e+00;pi;CCBN010000002.1;1980001;1987500
2003,7505;2000,001;2007,5;2;916;Cheese_1;0,00000000000000e+00;pi;CCBN010000002.1;2000001;2007500
2008,7505;2005,001;2012,5;2;917;Cheese_1;1,15942028985507e-05;pi;CCBN010000002.1;2005001;2012500
2023,7505;2020,001;2027,5;2;920;Cheese_1;1,15942028985507e-05;pi;CCBN010000002.1;2020001;2027500
303,7505;300,001;307,5;2;576;Cheese_3;1,00142384947877e-04;pi;CCBN010000002.1;300001;307500
308,7505;305,001;312,5;2;577;Cheese_3;8,11594202898551e-05;pi;CCBN010000002.1;305001;312500
318,7505;315,001;322,5;2;579;Cheese_3;8,59903381642512e-05;pi;CCBN010000002.1;315001;322500
323,7505;320,001;327,5;2;580;Cheese_3;1,14492753623188e-04;pi;CCBN010000002.1;320001;327500
338,7505;335,001;342,5;2;583;Cheese_3;1,08695652173913e-04;pi;CCBN010000002.1;335001;342500
463,7505;460,001;467,5;2;608;Cheese_3;3,23671497584541e-05;pi;CCBN010000002.1;460001;467500
658,7505;655,001;662,5;2;647;Cheese_3;1,02898550724638e-04;pi;CCBN010000002.1;655001;662500
668,7505;665,001;672,5;2;649;Cheese_3;6,08695652173913e-05;pi;CCBN010000002.1;665001;672500
843,7505;840,001;847,5;2;684;Cheese_3;6,81159420289855e-05;pi;CCBN010000002.1;840001;847500
1163,7505;1160,001;1167,5;2;748;Cheese_3;1,14492753623188e-04;pi;CCBN010000002.1;1160001;1167500
1293,7505;1290,001;1297,5;2;774;Cheese_3;9,32367149758454e-05;pi;CCBN010000002.1;1290001;1297500
1448,7505;1445,001;1452,5;2;805;Cheese_3;5,55555555555556e-05;pi;CCBN010000002.1;1445001;1452500
1593,7505;1590,001;1597,5;2;834;Cheese_3;8,59903381642512e-05;pi;CCBN010000002.1;1590001;1597500
1598,7505;1595,001;1602,5;2;835;Cheese_3;5,50724637681159e-05;pi;CCBN010000002.1;1595001;1602500
1603,7505;1600,001;1607,5;2;836;Cheese_3;2,22222222222222e-05;pi;CCBN010000002.1;1600001;1607500
1608,7505;1605,001;1612,5;2;837;Cheese_3;1,07246376811594e-04;pi;CCBN010000002.1;1605001;1612500
1613,7505;1610,001;1617,5;2;838;Cheese_3;8,01932367149759e-05;pi;CCBN010000002.1;1610001;1617500
1618,7505;1615,001;1622,5;2;839;Cheese_3;0,00000000000000e+00;pi;CCBN010000002.1;1615001;1622500
1623,7505;1620,001;1627,5;2;840;Cheese_3;6,37681159420290e-05;pi;CCBN010000002.1;1620001;1627500
2098,7505;2095,001;2102,5;2;935;Cheese_3;1,13526570048309e-04;pi;CCBN010000002.1;2095001;2102500
3,7505;0,001;7,5;3;936;"Cheese_1;Cheese_3";2,94117647058824e-05;pi;CCBN010000003.1;1;7500
8,7505;5,001;12,5;3;937;Cheese_1;0,00000000000000e+00;pi;CCBN010000003.1;5001;12500
23,7505;20,001;27,5;3;940;Cheese_1;1,15942028985507e-05;pi;CCBN010000003.1;20001;27500
343,7505;340,001;347,5;3;1004;Cheese_1;1,15942028985507e-05;pi;CCBN010000003.1;340001;347500
363,7505;360,001;367,5;3;1008;Cheese_1;0,00000000000000e+00;pi;CCBN010000003.1;360001;367500
608,7505;605,001;612,5;3;1057;Cheese_1;1,15942028985507e-05;pi;CCBN010000003.1;605001;612500
878,7505;875,001;882,5;3;1111;"Cheese_1;Cheese_3";3,33333333333333e-05;pi;CCBN010000003.1;875001;882500
903,7505;900,001;907,5;3;1116;Cheese_1;1,15942028985507e-05;pi;CCBN010000003.1;900001;907500
918,7505;915,001;922,5;3;1119;Cheese_1;1,15942028985507e-05;pi;CCBN010000003.1;915001;922500
1183,7505;1180,001;1187,5;3;1172;"Cheese_1;Cheese_3";3,23529411764706e-05;pi;CCBN010000003.1;1180001;1187500
1493,7505;1490,001;1497,5;3;1234;"Cheese_1;Cheese_3";1,15942028985507e-05;pi;CCBN010000003.1;1490001;1497500
1508,7505;1505,001;1512,5;3;1237;Cheese_1;0,00000000000000e+00;pi;CCBN010000003.1;1505001;1512500
1523,7505;1520,001;1527,5;3;1240;Cheese_1;0,00000000000000e+00;pi;CCBN010000003.1;1520001;1527500
1528,7505;1525,001;1532,5;3;1241;Cheese_1;1,15942028985507e-05;pi;CCBN010000003.1;1525001;1532500
683,7505;680,001;687,5;3;1072;Cheese_3;3,23671497584541e-05;pi;CCBN010000003.1;680001;687500
773,7505;770,001;777,5;3;1090;Cheese_3;6,37681159420290e-05;pi;CCBN010000003.1;770001;777500
808,7505;805,001;812,5;3;1097;Cheese_3;5,45893719806763e-05;pi;CCBN010000003.1;805001;812500
813,7505;810,001;817,5;3;1098;Cheese_3;3,33333333333333e-05;pi;CCBN010000003.1;810001;817500
873,7505;870,001;877,5;3;1110;Cheese_3;2,22222222222222e-05;pi;CCBN010000003.1;870001;877500
1338,7505;1335,001;1342,5;3;1203;Cheese_3;6,47342995169082e-05;pi;CCBN010000003.1;1335001;1342500
1458,7505;1455,001;1462,5;3;1227;Cheese_3;4,34782608695652e-05;pi;CCBN010000003.1;1455001;1462500
1478,7505;1475,001;1482,5;3;1231;Cheese_3;5,70048309178744e-05;pi;CCBN010000003.1;1475001;1482500
1648,7505;1645,001;1652,5;3;1265;Cheese_3;3,23671497584541e-05;pi;CCBN010000003.1;1645001;1652500
108,7505;105,001;112,5;4;1315;Cheese_3;6,47342995169082e-05;pi;CCBN010000004.1;105001;112500
288,7505;285,001;292,5;4;1351;Cheese_3;1,11111111111111e-05;pi;CCBN010000004.1;285001;292500
308,7505;305,001;312,5;4;1355;Cheese_3;6,28019323671498e-05;pi;CCBN010000004.1;305001;312500
443,7505;440,001;447,5;4;1382;Cheese_3;8,98550724637681e-05;pi;CCBN010000004.1;440001;447500
473,7505;470,001;477,5;4;1388;Cheese_3;3,23671497584541e-05;pi;CCBN010000004.1;470001;477500
498,7505;495,001;502,5;4;1393;Cheese_3;7,48792270531401e-05;pi;CCBN010000004.1;495001;502500
513,7505;510,001;517,5;4;1396;Cheese_3;1,11111111111111e-05;pi;CCBN010000004.1;510001;517500
533,7505;530,001;537,5;4;1400;Cheese_3;4,44444444444444e-05;pi;CCBN010000004.1;530001;537500
1303,7505;1300,001;1307,5;4;1554;Cheese_3;5,45893719806763e-05;pi;CCBN010000004.1;1300001;1307500
1308,7505;1305,001;1312,5;4;1555;Cheese_3;0,00000000000000e+00;pi;CCBN010000004.1;1305001;1312500
1563,7505;1560,001;1567,5;4;1606;Cheese_3;9,56521739130435e-05;pi;CCBN010000004.1;1560001;1567500
1578,7505;1575,001;1582,5;4;1609;Cheese_3;2,22222222222222e-05;pi;CCBN010000004.1;1575001;1582500
23,7505;20,001;27,5;5;1634;Cheese_1;0,00000000000000e+00;pi;CCBN010000005.1;20001;27500
28,7505;25,001;32,5;5;1635;Cheese_1;0,00000000000000e+00;pi;CCBN010000005.1;25001;32500
33,7505;30,001;37,5;5;1636;Cheese_1;0,00000000000000e+00;pi;CCBN010000005.1;30001;37500
118,7505;115,001;122,5;5;1653;Cheese_1;0,00000000000000e+00;pi;CCBN010000005.1;115001;122500
418,7505;415,001;422,5;5;1713;"Cheese_1;Cheese_3";3,33333333333333e-05;pi;CCBN010000005.1;415001;422500
458,7505;455,001;462,5;5;1721;Cheese_1;0,00000000000000e+00;pi;CCBN010000005.1;455001;462500
463,7505;460,001;467,5;5;1722;Cheese_1;0,00000000000000e+00;pi;CCBN010000005.1;460001;467500
513,7505;510,001;517,5;5;1732;Cheese_1;0,00000000000000e+00;pi;CCBN010000005.1;510001;517500
528,7505;525,001;532,5;5;1735;Cheese_1;0,00000000000000e+00;pi;CCBN010000005.1;525001;532500
548,7505;545,001;552,5;5;1739;Cheese_1;0,00000000000000e+00;pi;CCBN010000005.1;545001;552500
588,7505;585,001;592,5;5;1747;Cheese_1;0,00000000000000e+00;pi;CCBN010000005.1;585001;592500
608,7505;605,001;612,5;5;1751;Cheese_1;0,00000000000000e+00;pi;CCBN010000005.1;605001;612500
708,7505;705,001;712,5;5;1771;Cheese_1;0,00000000000000e+00;pi;CCBN010000005.1;705001;712500
943,7505;940,001;947,5;5;1818;"Cheese_1;Cheese_3";0,00000000000000e+00;pi;CCBN010000005.1;940001;947500
1608,7505;1605,001;1612,5;5;1951;"Cheese_1;Cheese_3";4,44444444444444e-05;pi;CCBN010000005.1;1605001;1612500
693,7505;690,001;697,5;5;1768;Cheese_3;1,11111111111111e-05;pi;CCBN010000005.1;690001;697500
713,7505;710,001;717,5;5;1772;Cheese_3;4,34782608695652e-05;pi;CCBN010000005.1;710001;717500
868,7505;865,001;872,5;5;1803;Cheese_3;2,22222222222222e-05;pi;CCBN010000005.1;865001;872500
918,7505;915,001;922,5;5;1813;Cheese_3;5,55555555555556e-05;pi;CCBN010000005.1;915001;922500
923,7505;920,001;927,5;5;1814;Cheese_3;5,55555555555556e-05;pi;CCBN010000005.1;920001;927500
928,7505;925,001;932,5;5;1815;Cheese_3;4,44444444444444e-05;pi;CCBN010000005.1;925001;932500
933,7505;930,001;937,5;5;1816;Cheese_3;3,79084967320261e-05;pi;CCBN010000005.1;930001;937500
938,7505;935,001;942,5;5;1817;Cheese_3;1,56862745098039e-05;pi;CCBN010000005.1;935001;942500
948,7505;945,001;952,5;5;1819;Cheese_3;4,25120772946860e-05;pi;CCBN010000005.1;945001;952500
1503,7505;1500,001;1507,5;5;1930;Cheese_3;0,00000000000000e+00;pi;CCBN010000005.1;1500001;1507500
1553,7505;1550,001;1557,5;5;1940;Cheese_3;4,34782608695652e-05;pi;CCBN010000005.1;1550001;1557500
1618,7505;1615,001;1622,5;5;1953;Cheese_3;4,97584541062802e-05;pi;CCBN010000005.1;1615001;1622500
333,7505;330,001;337,5;6;2026;Cheese_3;4,00527009222661e-05;pi;CCBN010000006.1;330001;337500
363,7505;360,001;367,5;6;2032;Cheese_3;6,66666666666667e-05;pi;CCBN010000006.1;360001;367500
368,7505;365,001;372,5;6;2033;Cheese_3;6,66666666666667e-05;pi;CCBN010000006.1;365001;372500
718,7505;715,001;722,5;6;2103;Cheese_3;9,71014492753623e-05;pi;CCBN010000006.1;715001;722500
723,7505;720,001;727,5;6;2104;Cheese_3;9,56521739130435e-05;pi;CCBN010000006.1;720001;727500
768,7505;765,001;772,5;6;2113;Cheese_3;1,26570048309179e-04;pi;CCBN010000006.1;765001;772500
783,7505;780,001;787,5;6;2116;Cheese_3;1,45410628019324e-04;pi;CCBN010000006.1;780001;787500
788,7505;785,001;792,5;6;2117;Cheese_3;5,36231884057971e-05;pi;CCBN010000006.1;785001;792500
963,7505;960,001;967,5;6;2152;Cheese_3;5,36231884057971e-05;pi;CCBN010000006.1;960001;967500
968,7505;965,001;972,5;6;2153;Cheese_3;2,12560386473430e-05;pi;CCBN010000006.1;965001;972500
1053,7505;1050,001;1057,5;6;2170;Cheese_3;9,85507246376812e-05;pi;CCBN010000006.1;1050001;1057500
1153,7505;1150,001;1157,5;6;2190;Cheese_3;1,28502415458937e-04;pi;CCBN010000006.1;1150001;1157500
113,7505;110,001;117,5;7;2234;Cheese_1;0,00000000000000e+00;pi;CCBN010000007.1;110001;117500
278,7505;275,001;282,5;7;2267;Cheese_1;0,00000000000000e+00;pi;CCBN010000007.1;275001;282500
483,7505;480,001;487,5;7;2308;Cheese_1;0,00000000000000e+00;pi;CCBN010000007.1;480001;487500
488,7505;485,001;492,5;7;2309;Cheese_1;0,00000000000000e+00;pi;CCBN010000007.1;485001;492500
508,7505;505,001;512,5;7;2313;Cheese_1;0,00000000000000e+00;pi;CCBN010000007.1;505001;512500
733,7505;730,001;737,5;7;2358;Cheese_1;0,00000000000000e+00;pi;CCBN010000007.1;730001;737500
743,7505;740,001;747,5;7;2360;Cheese_1;0,00000000000000e+00;pi;CCBN010000007.1;740001;747500
1178,7505;1175,001;1182,5;7;2447;Cheese_1;0,00000000000000e+00;pi;CCBN010000007.1;1175001;1182500
343,7505;340,001;347,5;7;2280;Cheese_3;8,50241545893720e-05;pi;CCBN010000007.1;340001;347500
378,7505;375,001;382,5;7;2287;Cheese_3;9,32367149758454e-05;pi;CCBN010000007.1;375001;382500
393,7505;390,001;397,5;7;2290;Cheese_3;8,40579710144927e-05;pi;CCBN010000007.1;390001;397500
443,7505;440,001;447,5;7;2300;Cheese_3;2,22222222222222e-05;pi;CCBN010000007.1;440001;447500
903,7505;900,001;907,5;7;2392;Cheese_3;8,01932367149759e-05;pi;CCBN010000007.1;900001;907500
918,7505;915,001;922,5;7;2395;Cheese_3;7,19806763285024e-05;pi;CCBN010000007.1;915001;922500
948,7505;945,001;952,5;7;2401;Cheese_3;9,13043478260869e-05;pi;CCBN010000007.1;945001;952500
363,7505;360,001;367,5;8;2525;Cheese_3;2,22222222222222e-05;pi;CCBN010000008.1;360001;367500
403,7505;400,001;407,5;8;2533;Cheese_3;6,52173913043478e-05;pi;CCBN010000008.1;400001;407500
408,7505;405,001;412,5;8;2534;Cheese_3;3,04347826086956e-05;pi;CCBN010000008.1;405001;412500
433,7505;430,001;437,5;8;2539;Cheese_3;2,22222222222222e-05;pi;CCBN010000008.1;430001;437500
463,7505;460,001;467,5;8;2545;Cheese_3;5,02415458937198e-05;pi;CCBN010000008.1;460001;467500
653,7505;650,001;657,5;8;2583;Cheese_3;4,44444444444444e-05;pi;CCBN010000008.1;650001;657500
703,7505;700,001;707,5;8;2593;Cheese_3;4,44444444444444e-05;pi;CCBN010000008.1;700001;707500
753,7505;750,001;757,5;8;2603;Cheese_3;4,34782608695652e-05;pi;CCBN010000008.1;750001;757500
1023,7505;1020,001;1027,5;8;2657;Cheese_3;2,22222222222222e-05;pi;CCBN010000008.1;1020001;1027500
1028,7505;1025,001;1032,5;8;2658;Cheese_3;3,86473429951691e-05;pi;CCBN010000008.1;1025001;1032500
433,7505;430,001;437,5;9;2770;Cheese_1;0,00000000000000e+00;pi;CCBN010000009.1;430001;437500
443,7505;440,001;447,5;9;2772;Cheese_1;0,00000000000000e+00;pi;CCBN010000009.1;440001;447500
483,7505;480,001;487,5;9;2780;Cheese_1;1,15942028985507e-05;pi;CCBN010000009.1;480001;487500
488,7505;485,001;492,5;9;2781;Cheese_1;0,00000000000000e+00;pi;CCBN010000009.1;485001;492500
493,7505;490,001;497,5;9;2782;"Cheese_1;Cheese_3";2,29468599033816e-04;pi;CCBN010000009.1;490001;497500
508,7505;505,001;512,5;9;2785;Cheese_1;1,15942028985507e-05;pi;CCBN010000009.1;505001;512500
783,7505;780,001;787,5;9;2840;Cheese_1;0,00000000000000e+00;pi;CCBN010000009.1;780001;787500
823,7505;820,001;827,5;9;2848;Cheese_1;0,00000000000000e+00;pi;CCBN010000009.1;820001;827500
828,7505;825,001;832,5;9;2849;"Cheese_1;Cheese_3";9,42028985507246e-05;pi;CCBN010000009.1;825001;832500
843,7505;840,001;847,5;9;2852;Cheese_1;1,15942028985507e-05;pi;CCBN010000009.1;840001;847500
858,7505;855,001;862,5;9;2855;Cheese_1;1,15942028985507e-05;pi;CCBN010000009.1;855001;862500
48,7505;45,001;52,5;9;2693;Cheese_3;1,03425559947299e-04;pi;CCBN010000009.1;45001;52500
363,7505;360,001;367,5;9;2756;Cheese_3;1,93236714975845e-04;pi;CCBN010000009.1;360001;367500
383,7505;380,001;387,5;9;2760;Cheese_3;1,54589371980676e-04;pi;CCBN010000009.1;380001;387500
833,7505;830,001;837,5;9;2850;Cheese_3;9,51690821256039e-05;pi;CCBN010000009.1;830001;837500
838,7505;835,001;842,5;9;2851;Cheese_3;1,29951690821256e-04;pi;CCBN010000009.1;835001;842500
1003,7505;1000,001;1007,5;9;2884;Cheese_3;1,89855072463768e-04;pi;CCBN010000009.1;1000001;1007500
1043,7505;1040,001;1047,5;9;2892;Cheese_3;1,16425120772947e-04;pi;CCBN010000009.1;1040001;1047500
178,7505;175,001;182,5;10;2931;Cheese_1;1,15942028985507e-05;pi;CCBN010000010.1;175001;182500
183,7505;180,001;187,5;10;2932;Cheese_1;0,00000000000000e+00;pi;CCBN010000010.1;180001;187500
353,7505;350,001;357,5;10;2966;Cheese_1;1,15942028985507e-05;pi;CCBN010000010.1;350001;357500
358,7505;355,001;362,5;10;2967;Cheese_1;1,15942028985507e-05;pi;CCBN010000010.1;355001;362500
503,7505;500,001;507,5;10;2996;Cheese_1;3,47826086956522e-05;pi;CCBN010000010.1;500001;507500
603,7505;600,001;607,5;10;3016;Cheese_1;3,16205533596838e-05;pi;CCBN010000010.1;600001;607500
663,7505;660,001;667,5;10;3028;"Cheese_1;Cheese_3";2,12560386473430e-05;pi;CCBN010000010.1;660001;667500
898,7505;895,001;902,5;10;3075;Cheese_1;2,31884057971014e-05;pi;CCBN010000010.1;895001;902500
658,7505;655,001;662,5;10;3027;Cheese_3;5,26570048309179e-05;pi;CCBN010000010.1;655001;662500
668,7505;665,001;672,5;10;3029;Cheese_3;3,23671497584541e-05;pi;CCBN010000010.1;665001;672500
813,7505;810,001;817,5;10;3058;Cheese_3;3,23671497584541e-05;pi;CCBN010000010.1;810001;817500
303,7505;300,001;307,5;11;3139;Cheese_3;6,85990338164251e-05;pi;CCBN010000011.1;300001;307500
353,7505;350,001;357,5;11;3149;Cheese_3;2,59259259259259e-05;pi;CCBN010000011.1;350001;357500
358,7505;355,001;362,5;11;3150;Cheese_3;1,11111111111111e-05;pi;CCBN010000011.1;355001;362500
363,7505;360,001;367,5;11;3151;Cheese_3;4,34782608695652e-05;pi;CCBN010000011.1;360001;367500
468,7505;465,001;472,5;11;3172;Cheese_3;5,99033816425121e-05;pi;CCBN010000011.1;465001;472500
523,7505;520,001;527,5;11;3183;Cheese_3;4,49275362318841e-05;pi;CCBN010000011.1;520001;527500
568,7505;565,001;572,5;11;3192;Cheese_3;6,76328502415459e-05;pi;CCBN010000011.1;565001;572500
688,7505;685,001;692,5;11;3216;Cheese_3;1,11111111111111e-05;pi;CCBN010000011.1;685001;692500
873,7505;870,001;877,5;11;3253;Cheese_3;2,12560386473430e-05;pi;CCBN010000011.1;870001;877500
223,7505;220,001;227,5;12;3304;Cheese_1;0,00000000000000e+00;pi;CCBN010000012.1;220001;227500
233,7505;230,001;237,5;12;3306;Cheese_1;0,00000000000000e+00;pi;CCBN010000012.1;230001;237500
238,7505;235,001;242,5;12;3307;Cheese_1;0,00000000000000e+00;pi;CCBN010000012.1;235001;242500
398,7505;395,001;402,5;12;3339;"Cheese_1;Cheese_3";3,33333333333333e-05;pi;CCBN010000012.1;395001;402500
443,7505;440,001;447,5;12;3348;Cheese_1;0,00000000000000e+00;pi;CCBN010000012.1;440001;447500
788,7505;785,001;792,5;12;3417;Cheese_1;0,00000000000000e+00;pi;CCBN010000012.1;785001;792500
813,7505;810,001;817,5;12;3422;Cheese_1;0,00000000000000e+00;pi;CCBN010000012.1;810001;817500
363,7505;360,001;367,5;12;3332;Cheese_3;4,15458937198068e-05;pi;CCBN010000012.1;360001;367500
368,7505;365,001;372,5;12;3333;Cheese_3;8,01932367149759e-05;pi;CCBN010000012.1;365001;372500
388,7505;385,001;392,5;12;3337;Cheese_3;3,33333333333333e-05;pi;CCBN010000012.1;385001;392500
433,7505;430,001;437,5;12;3346;Cheese_3;6,37681159420290e-05;pi;CCBN010000012.1;430001;437500
438,7505;435,001;442,5;12;3347;Cheese_3;4,34782608695652e-05;pi;CCBN010000012.1;435001;442500
448,7505;445,001;452,5;12;3349;Cheese_3;6,85990338164251e-05;pi;CCBN010000012.1;445001;452500
608,7505;605,001;612,5;12;3381;Cheese_3;7,68115942028985e-05;pi;CCBN010000012.1;605001;612500
243,7505;240,001;247,5;13;3485;Cheese_1;0,00000000000000e+00;pi;CCBN010000013.1;240001;247500
273,7505;270,001;277,5;13;3491;Cheese_1;0,00000000000000e+00;pi;CCBN010000013.1;270001;277500
538,7505;535,001;542,5;13;3544;Cheese_1;0,00000000000000e+00;pi;CCBN010000013.1;535001;542500
543,7505;540,001;547,5;13;3545;Cheese_1;0,00000000000000e+00;pi;CCBN010000013.1;540001;547500
573,7505;570,001;577,5;13;3551;"Cheese_1;Cheese_3";1,11111111111111e-05;pi;CCBN010000013.1;570001;577500
303,7505;300,001;307,5;13;3497;Cheese_3;5,21739130434783e-05;pi;CCBN010000013.1;300001;307500
308,7505;305,001;312,5;13;3498;Cheese_3;1,11111111111111e-05;pi;CCBN010000013.1;305001;312500
318,7505;315,001;322,5;13;3500;Cheese_3;5,26570048309179e-05;pi;CCBN010000013.1;315001;322500
643,7505;640,001;647,5;13;3565;Cheese_3;8,26086956521739e-05;pi;CCBN010000013.1;640001;647500
658,7505;655,001;662,5;13;3568;Cheese_3;6,28019323671498e-05;pi;CCBN010000013.1;655001;662500
663,7505;660,001;667,5;13;3569;Cheese_3;0,00000000000000e+00;pi;CCBN010000013.1;660001;667500
683,7505;680,001;687,5;13;3573;Cheese_3;7,77777777777778e-05;pi;CCBN010000013.1;680001;687500
698,7505;695,001;702,5;13;3576;Cheese_3;3,33333333333333e-05;pi;CCBN010000013.1;695001;702500
13,7505;10,001;17,5;14;3612;Cheese_1;0,00000000000000e+00;pi;CCBN010000014.1;10001;17500
18,7505;15,001;22,5;14;3613;Cheese_1;0,00000000000000e+00;pi;CCBN010000014.1;15001;22500
88,7505;85,001;92,5;14;3627;Cheese_1;0,00000000000000e+00;pi;CCBN010000014.1;85001;92500
93,7505;90,001;97,5;14;3628;Cheese_1;0,00000000000000e+00;pi;CCBN010000014.1;90001;97500
598,7505;595,001;602,5;14;3729;Cheese_1;0,00000000000000e+00;pi;CCBN010000014.1;595001;602500
603,7505;600,001;607,5;14;3730;Cheese_1;0,00000000000000e+00;pi;CCBN010000014.1;600001;607500
658,7505;655,001;662,5;14;3741;Cheese_1;0,00000000000000e+00;pi;CCBN010000014.1;655001;662500
168,7505;165,001;172,5;14;3643;Cheese_3;0,00000000000000e+00;pi;CCBN010000014.1;165001;172500
173,7505;170,001;177,5;14;3644;Cheese_3;5,36231884057971e-05;pi;CCBN010000014.1;170001;177500
178,7505;175,001;182,5;14;3645;Cheese_3;4,90338164251208e-05;pi;CCBN010000014.1;175001;182500
298,7505;295,001;302,5;14;3669;Cheese_3;1,05314009661836e-04;pi;CCBN010000014.1;295001;302500
303,7505;300,001;307,5;14;3670;Cheese_3;7,48792270531401e-05;pi;CCBN010000014.1;300001;307500
348,7505;345,001;352,5;14;3679;Cheese_3;1,17874396135266e-04;pi;CCBN010000014.1;345001;352500
8,7505;5,001;12,5;15;3769;Cheese_3;4,00527009222661e-05;pi;CCBN010000015.1;5001;12500
23,7505;20,001;27,5;15;3772;Cheese_3;9,85507246376812e-05;pi;CCBN010000015.1;20001;27500
73,7505;70,001;77,5;15;3782;Cheese_3;9,85507246376812e-05;pi;CCBN010000015.1;70001;77500
158,7505;155,001;162,5;15;3799;Cheese_3;8,88888888888889e-05;pi;CCBN010000015.1;155001;162500
258,7505;255,001;262,5;16;3960;"Cheese_1;Cheese_3";0,00000000000000e+00;pi;CCBN010000016.1;255001;262500
263,7505;260,001;267,5;16;3961;"Cheese_1;Cheese_3";6,47342995169082e-05;pi;CCBN010000016.1;260001;267500
268,7505;265,001;272,5;16;3962;Cheese_1;0,00000000000000e+00;pi;CCBN010000016.1;265001;272500
273,7505;270,001;277,5;16;3963;"Cheese_1;Cheese_3";5,70048309178744e-05;pi;CCBN010000016.1;270001;277500
378,7505;375,001;382,5;16;3984;Cheese_1;0,00000000000000e+00;pi;CCBN010000016.1;375001;382500
453,7505;450,001;457,5;16;3999;Cheese_1;0,00000000000000e+00;pi;CCBN010000016.1;450001;457500
98,7505;95,001;102,5;16;3928;Cheese_3;6,66666666666667e-05;pi;CCBN010000016.1;95001;102500
213,7505;210,001;217,5;16;3951;Cheese_3;4,97584541062802e-05;pi;CCBN010000016.1;210001;217500
243,7505;240,001;247,5;16;3957;Cheese_3;7,43961352657005e-05;pi;CCBN010000016.1;240001;247500
553,7505;550,001;557,5;16;4019;Cheese_3;1,10628019323671e-04;pi;CCBN010000016.1;550001;557500
23,7505;20,001;27,5;17;4045;Cheese_1;1,15942028985507e-05;pi;CCBN010000017.1;20001;27500
48,7505;45,001;52,5;17;4050;Cheese_1;1,15942028985507e-05;pi;CCBN010000017.1;45001;52500
323,7505;320,001;327,5;17;4105;Cheese_1;1,15942028985507e-05;pi;CCBN010000017.1;320001;327500
358,7505;355,001;362,5;17;4112;Cheese_1;1,15942028985507e-05;pi;CCBN010000017.1;355001;362500
588,7505;585,001;592,5;17;4158;"Cheese_1;Cheese_3";7,29468599033816e-05;pi;CCBN010000017.1;585001;592500
33,7505;30,001;37,5;17;4047;Cheese_3;1,11111111111111e-05;pi;CCBN010000017.1;30001;37500
338,7505;335,001;342,5;17;4108;Cheese_3;4,15458937198068e-05;pi;CCBN010000017.1;335001;342500
393,7505;390,001;397,5;17;4119;Cheese_3;6,81159420289855e-05;pi;CCBN010000017.1;390001;397500
408,7505;405,001;412,5;17;4122;Cheese_3;3,32454984628898e-05;pi;CCBN010000017.1;405001;412500
23,7505;20,001;27,5;18;4165;Cheese_1;0,00000000000000e+00;pi;CCBN010000018.1;20001;27500
158,7505;155,001;162,5;18;4192;"Cheese_1;Cheese_3";7,63285024154589e-05;pi;CCBN010000018.1;155001;162500
198,7505;195,001;202,5;18;4200;Cheese_1;0,00000000000000e+00;pi;CCBN010000018.1;195001;202500
433,7505;430,001;437,5;18;4247;Cheese_1;0,00000000000000e+00;pi;CCBN010000018.1;430001;437500
83,7505;80,001;87,5;18;4177;Cheese_3;9,85507246376812e-05;pi;CCBN010000018.1;80001;87500
133,7505;130,001;137,5;18;4187;Cheese_3;1,15942028985507e-05;pi;CCBN010000018.1;130001;137500
138,7505;135,001;142,5;18;4188;Cheese_3;3,86473429951691e-05;pi;CCBN010000018.1;135001;142500
3,7505;0,001;7,5;19;4272;Cheese_1;1,15942028985507e-05;pi;CCBN010000019.1;1;7500
18,7505;15,001;22,5;19;4275;Cheese_1;4,74308300395257e-05;pi;CCBN010000019.1;15001;22500
38,7505;35,001;42,5;19;4279;Cheese_1;3,16205533596838e-05;pi;CCBN010000019.1;35001;42500
93,7505;90,001;97,5;19;4290;Cheese_1;3,47826086956522e-05;pi;CCBN010000019.1;90001;97500
148,7505;145,001;152,5;19;4301;Cheese_1;3,37285902503294e-05;pi;CCBN010000019.1;145001;152500
173,7505;170,001;177,5;19;4306;Cheese_3;1,31400966183575e-04;pi;CCBN010000019.1;170001;177500
233,7505;230,001;237,5;19;4318;Cheese_3;7,77777777777778e-05;pi;CCBN010000019.1;230001;237500
263,7505;260,001;267,5;19;4324;Cheese_3;1,00966183574879e-04;pi;CCBN010000019.1;260001;267500
493,7505;490,001;497,5;19;4370;Cheese_3;1,30434782608696e-04;pi;CCBN010000019.1;490001;497500
3,7505;0,001;7,5;20;4372;"Cheese_1;Cheese_3";4,34782608695652e-05;pi;CCBN010000020.1;1;7500
178,7505;175,001;182,5;20;4407;Cheese_1;1,15942028985507e-05;pi;CCBN010000020.1;175001;182500
183,7505;180,001;187,5;20;4408;Cheese_1;1,15942028985507e-05;pi;CCBN010000020.1;180001;187500
188,7505;185,001;192,5;20;4409;Cheese_1;1,15942028985507e-05;pi;CCBN010000020.1;185001;192500
13,7505;10,001;17,5;20;4374;Cheese_3;8,98550724637681e-05;pi;CCBN010000020.1;10001;17500
133,7505;130,001;137,5;20;4398;Cheese_3;1,12077294685990e-04;pi;CCBN010000020.1;130001;137500
238,7505;235,001;242,5;20;4419;Cheese_3;6,57004830917874e-05;pi;CCBN010000020.1;235001;242500
288,7505;285,001;292,5;21;4502;Cheese_3;3,33333333333333e-05;pi;CCBN010000021.1;285001;292500
293,7505;290,001;297,5;21;4503;Cheese_3;7,43961352657005e-05;pi;CCBN010000021.1;290001;297500
143,7505;140,001;147,5;22;4535;Cheese_1;1,15942028985507e-05;pi;CCBN010000022.1;140001;147500
148,7505;145,001;152,5;22;4536;"Cheese_1;Cheese_3";1,11111111111111e-05;pi;CCBN010000022.1;145001;152500
228,7505;225,001;232,5;22;4552;Cheese_1;2,21343873517787e-05;pi;CCBN010000022.1;225001;232500
278,7505;275,001;282,5;22;4562;Cheese_1;1,15942028985507e-05;pi;CCBN010000022.1;275001;282500
123,7505;120,001;127,5;22;4531;Cheese_3;6,66666666666667e-05;pi;CCBN010000022.1;120001;127500
128,7505;125,001;132,5;22;4532;Cheese_3;8,59903381642512e-05;pi;CCBN010000022.1;125001;132500
133,7505;130,001;137,5;22;4533;Cheese_3;8,74396135265701e-05;pi;CCBN010000022.1;130001;137500
18,7505;15,001;22,5;24;4632;Cheese_3;3,04347826086956e-05;pi;CCBN010000024.1;15001;22500
223,7505;220,001;227,5;24;4673;Cheese_3;1,11111111111111e-05;pi;CCBN010000024.1;220001;227500
108,7505;105,001;112,5;25;4703;Cheese_1;0,00000000000000e+00;pi;CCBN010000025.1;105001;112500
213,7505;210,001;217,5;25;4724;Cheese_1;4,00527009222661e-05;pi;CCBN010000025.1;210001;217500
68,7505;65,001;72,5;25;4695;Cheese_2;1,26060606060606e-04;pi;CCBN010000025.1;65001;72500
163,7505;160,001;167,5;25;4714;Cheese_2;6,78787878787879e-05;pi;CCBN010000025.1;160001;167500
83,7505;80,001;87,5;25;4698;Cheese_3;3,23671497584541e-05;pi;CCBN010000025.1;80001;87500
193,7505;190,001;197,5;25;4720;Cheese_3;6,28019323671498e-05;pi;CCBN010000025.1;190001;197500
228,7505;225,001;232,5;25;4727;Cheese_3;7,97101449275362e-05;pi;CCBN010000025.1;225001;232500
88,7505;85,001;92,5;26;4745;Cheese_1;2,31884057971014e-05;pi;CCBN010000026.1;85001;92500
103,7505;100,001;107,5;26;4748;Cheese_1;0,00000000000000e+00;pi;CCBN010000026.1;100001;107500
108,7505;105,001;112,5;26;4749;Cheese_1;1,15942028985507e-05;pi;CCBN010000026.1;105001;112500
78,7505;75,001;82,5;26;4743;Cheese_3;2,53623188405797e-04;pi;CCBN010000026.1;75001;82500
83,7505;80,001;87,5;26;4744;Cheese_3;2,56521739130435e-04;pi;CCBN010000026.1;80001;87500
178,7505;175,001;182,5;26;4763;Cheese_3;3,06763285024155e-04;pi;CCBN010000026.1;175001;182500
58,7505;55,001;62,5;27;4782;Cheese_1;0,00000000000000e+00;pi;CCBN010000027.1;55001;62500
143,7505;140,001;147,5;27;4799;Cheese_1;0,00000000000000e+00;pi;CCBN010000027.1;140001;147500
153,7505;150,001;157,5;27;4801;Cheese_1;0,00000000000000e+00;pi;CCBN010000027.1;150001;157500
3,7505;0,001;7,5;27;4771;Cheese_3;1,05314009661836e-04;pi;CCBN010000027.1;1;7500
28,7505;25,001;32,5;27;4776;Cheese_3;9,80676328502415e-05;pi;CCBN010000027.1;25001;32500
78,7505;75,001;82,5;27;4786;Cheese_3;1,01449275362319e-04;pi;CCBN010000027.1;75001;82500
88,7505;85,001;92,5;28;4831;Cheese_1;2,21343873517787e-05;pi;CCBN010000028.1;85001;92500
113,7505;110,001;117,5;28;4836;Cheese_1;1,15942028985507e-05;pi;CCBN010000028.1;110001;117500
133,7505;130,001;137,5;28;4840;Cheese_1;0,00000000000000e+00;pi;CCBN010000028.1;130001;137500
413,7505;410,001;417,5;28;4896;Cheese_1;1,15942028985507e-05;pi;CCBN010000028.1;410001;417500
453,7505;450,001;457,5;28;4904;Cheese_1;1,15942028985507e-05;pi;CCBN010000028.1;450001;457500
73,7505;70,001;77,5;28;4828;Cheese_3;6,32850241545894e-05;pi;CCBN010000028.1;70001;77500
298,7505;295,001;302,5;28;4873;Cheese_3;5,45893719806763e-05;pi;CCBN010000028.1;295001;302500
308,7505;305,001;312,5;28;4875;Cheese_3;0,00000000000000e+00;pi;CCBN010000028.1;305001;312500
758,7505;755,001;762,5;1;152;Cheese_1_Cheese_3;1,87747692895340e-02;dxy;CCBN010000001.1;755001;762500
763,7505;760,001;767,5;1;153;Cheese_1_Cheese_3;1,91903698290911e-02;dxy;CCBN010000001.1;760001;767500
893,7505;890,001;897,5;1;179;Cheese_1_Cheese_3;1,74385375494071e-02;dxy;CCBN010000001.1;890001;897500
2283,7505;2280,001;2287,5;1;457;Cheese_1_Cheese_3;1,67590752242926e-02;dxy;CCBN010000001.1;2280001;2287500
2323,7505;2320,001;2327,5;1;465;Cheese_1_Cheese_3;2,54306492030277e-02;dxy;CCBN010000001.1;2320001;2327500
2328,7505;2325,001;2332,5;1;466;Cheese_1_Cheese_3;2,08299516908213e-02;dxy;CCBN010000001.1;2325001;2332500
758,7505;755,001;762,5;1;152;Cheese_1_Mixed-origin;2,46378099838969e-02;dxy;CCBN010000001.1;755001;762500
763,7505;760,001;767,5;1;153;Cheese_1_Mixed-origin;2,40489533011272e-02;dxy;CCBN010000001.1;760001;767500
843,7505;840,001;847,5;1;169;Cheese_1_Mixed-origin;1,80121095008052e-02;dxy;CCBN010000001.1;840001;847500
2098,7505;2095,001;2102,5;1;420;Cheese_1_Mixed-origin;2,01930434782609e-02;dxy;CCBN010000001.1;2095001;2102500
2323,7505;2320,001;2327,5;1;465;Cheese_1_Mixed-origin;2,65497474316912e-02;dxy;CCBN010000001.1;2320001;2327500
2328,7505;2325,001;2332,5;1;466;Cheese_1_Mixed-origin;2,15054106280193e-02;dxy;CCBN010000001.1;2325001;2332500
723,7505;720,001;727,5;1;145;Cheese_1_Wild;2,56197377501725e-02;dxy;CCBN010000001.1;720001;727500
758,7505;755,001;762,5;1;152;Cheese_1_Wild;2,66998205659075e-02;dxy;CCBN010000001.1;755001;762500
763,7505;760,001;767,5;1;153;Cheese_1_Wild;2,89888198757764e-02;dxy;CCBN010000001.1;760001;767500
1568,7505;1565,001;1572,5;1;314;Cheese_1_Wild;2,69083505866115e-02;dxy;CCBN010000001.1;1565001;1572500
2328,7505;2325,001;2332,5;1;466;Cheese_1_Wild;2,51741200828157e-02;dxy;CCBN010000001.1;2325001;2332500
2413,7505;2410,001;2417,5;1;483;Cheese_1_Wild;2,86107936507937e-02;dxy;CCBN010000001.1;2410001;2417500
153,7505;150,001;157,5;1;31;Cheese_3_Mixed-origin;1,55534391534392e-02;dxy;CCBN010000001.1;150001;157500
228,7505;225,001;232,5;1;46;Cheese_3_Mixed-origin;1,55385185185185e-02;dxy;CCBN010000001.1;225001;232500
763,7505;760,001;767,5;1;153;Cheese_3_Mixed-origin;1,56444043446686e-02;dxy;CCBN010000001.1;760001;767500
768,7505;765,001;772,5;1;154;Cheese_3_Mixed-origin;1,60364964343225e-02;dxy;CCBN010000001.1;765001;772500
843,7505;840,001;847,5;1;169;Cheese_3_Mixed-origin;1,83303703703704e-02;dxy;CCBN010000001.1;840001;847500
1298,7505;1295,001;1302,5;1;260;Cheese_3_Mixed-origin;1,66192914653784e-02;dxy;CCBN010000001.1;1295001;1302500
723,7505;720,001;727,5;1;145;Cheese_3_Wild;2,54365079365079e-02;dxy;CCBN010000001.1;720001;727500
1568,7505;1565,001;1572,5;1;314;Cheese_3_Wild;2,69182539682540e-02;dxy;CCBN010000001.1;1565001;1572500
1658,7505;1655,001;1662,5;1;332;Cheese_3_Wild;2,35121118012422e-02;dxy;CCBN010000001.1;1655001;1662500
2318,7505;2315,001;2322,5;1;464;Cheese_3_Wild;2,69125925925926e-02;dxy;CCBN010000001.1;2315001;2322500
2323,7505;2320,001;2327,5;1;465;Cheese_3_Wild;2,81504761904762e-02;dxy;CCBN010000001.1;2320001;2327500
2413,7505;2410,001;2417,5;1;483;Cheese_3_Wild;2,83278398895790e-02;dxy;CCBN010000001.1;2410001;2417500
758,7505;755,001;762,5;1;152;Mixed-origin_Cheese clade;2,02028415974995e-02;dxy;CCBN010000001.1;755001;762500
763,7505;760,001;767,5;1;153;Mixed-origin_Cheese clade;1,96639136773347e-02;dxy;CCBN010000001.1;760001;767500
768,7505;765,001;772,5;1;154;Mixed-origin_Cheese clade;1,62913542103682e-02;dxy;CCBN010000001.1;765001;772500
843,7505;840,001;847,5;1;169;Mixed-origin_Cheese clade;1,71253877973878e-02;dxy;CCBN010000001.1;840001;847500
1298,7505;1295,001;1302,5;1;260;Mixed-origin_Cheese clade;1,69337771125216e-02;dxy;CCBN010000001.1;1295001;1302500
2098,7505;2095,001;2102,5;1;420;Mixed-origin_Cheese clade;1,73587764749959e-02;dxy;CCBN010000001.1;2095001;2102500
148,7505;145,001;152,5;1;30;Mixed-origin_Wild;2,48800000000000e-02;dxy;CCBN010000001.1;145001;152500
1568,7505;1565,001;1572,5;1;314;Mixed-origin_Wild;2,72755555555556e-02;dxy;CCBN010000001.1;1565001;1572500
1658,7505;1655,001;1662,5;1;332;Mixed-origin_Wild;2,42944444444444e-02;dxy;CCBN010000001.1;1655001;1662500
1668,7505;1665,001;1672,5;1;334;Mixed-origin_Wild;2,37140317460317e-02;dxy;CCBN010000001.1;1665001;1672500
2318,7505;2315,001;2322,5;1;464;Mixed-origin_Wild;2,72076190476190e-02;dxy;CCBN010000001.1;2315001;2322500
2323,7505;2320,001;2327,5;1;465;Mixed-origin_Wild;2,87889947089947e-02;dxy;CCBN010000001.1;2320001;2327500
723,7505;720,001;727,5;1;145;Wild_Cheese clade;2,55404124633373e-02;dxy;CCBN010000001.1;720001;727500
763,7505;760,001;767,5;1;153;Wild_Cheese clade;2,38546565357359e-02;dxy;CCBN010000001.1;760001;767500
1568,7505;1565,001;1572,5;1;314;Wild_Cheese clade;2,69347763347763e-02;dxy;CCBN010000001.1;1565001;1572500
2318,7505;2315,001;2322,5;1;464;Wild_Cheese clade;2,49863109056099e-02;dxy;CCBN010000001.1;2315001;2322500
2323,7505;2320,001;2327,5;1;465;Wild_Cheese clade;2,61422220418217e-02;dxy;CCBN010000001.1;2320001;2327500
2413,7505;2410,001;2417,5;1;483;Wild_Cheese clade;2,86641067800996e-02;dxy;CCBN010000001.1;2410001;2417500
1643,7505;1640,001;1647,5;2;844;Cheese_1_Cheese_3;1,84470176264112e-02;dxy;CCBN010000002.1;1640001;1647500
1648,7505;1645,001;1652,5;2;845;Cheese_1_Cheese_3;1,35336772513093e-02;dxy;CCBN010000002.1;1645001;1652500
1653,7505;1650,001;1657,5;2;846;Cheese_1_Cheese_3;1,65548605785338e-02;dxy;CCBN010000002.1;1650001;1657500
1658,7505;1655,001;1662,5;2;847;Cheese_1_Cheese_3;2,01465186021708e-02;dxy;CCBN010000002.1;1655001;1662500
1933,7505;1930,001;1937,5;2;902;Cheese_1_Cheese_3;1,35505187342101e-02;dxy;CCBN010000002.1;1930001;1937500
1643,7505;1640,001;1647,5;2;844;Cheese_1_Mixed-origin;1,95392917478882e-02;dxy;CCBN010000002.1;1640001;1647500
1653,7505;1650,001;1657,5;2;846;Cheese_1_Mixed-origin;1,74260563155803e-02;dxy;CCBN010000002.1;1650001;1657500
1658,7505;1655,001;1662,5;2;847;Cheese_1_Mixed-origin;1,86905002823264e-02;dxy;CCBN010000002.1;1655001;1662500
1823,7505;1820,001;1827,5;2;880;Cheese_1_Mixed-origin;1,48628487776314e-02;dxy;CCBN010000002.1;1820001;1827500
1933,7505;1930,001;1937,5;2;902;Cheese_1_Mixed-origin;1,81262663906142e-02;dxy;CCBN010000002.1;1930001;1937500
68,7505;65,001;72,5;2;529;Cheese_1_Wild;2,58091850178807e-02;dxy;CCBN010000002.1;65001;72500
393,7505;390,001;397,5;2;594;Cheese_1_Wild;3,40989648033126e-02;dxy;CCBN010000002.1;390001;397500
1458,7505;1455,001;1462,5;2;807;Cheese_1_Wild;2,88860480582220e-02;dxy;CCBN010000002.1;1455001;1462500
1643,7505;1640,001;1647,5;2;844;Cheese_1_Wild;2,99118212197160e-02;dxy;CCBN010000002.1;1640001;1647500
1658,7505;1655,001;1662,5;2;847;Cheese_1_Wild;2,48259890833804e-02;dxy;CCBN010000002.1;1655001;1662500
1028,7505;1025,001;1032,5;2;721;Cheese_3_Mixed-origin;1,38954320987654e-02;dxy;CCBN010000002.1;1025001;1032500
1643,7505;1640,001;1647,5;2;844;Cheese_3_Mixed-origin;1,58272064328586e-02;dxy;CCBN010000002.1;1640001;1647500
1653,7505;1650,001;1657,5;2;846;Cheese_3_Mixed-origin;1,43147814136634e-02;dxy;CCBN010000002.1;1650001;1657500
1658,7505;1655,001;1662,5;2;847;Cheese_3_Mixed-origin;1,96264787976382e-02;dxy;CCBN010000002.1;1655001;1662500
1933,7505;1930,001;1937,5;2;902;Cheese_3_Mixed-origin;1,50473149798640e-02;dxy;CCBN010000002.1;1930001;1937500
58,7505;55,001;62,5;2;527;Cheese_3_Wild;2,41926155969634e-02;dxy;CCBN010000002.1;55001;62500
68,7505;65,001;72,5;2;529;Cheese_3_Wild;2,54285714285714e-02;dxy;CCBN010000002.1;65001;72500
388,7505;385,001;392,5;2;593;Cheese_3_Wild;2,33227398205659e-02;dxy;CCBN010000002.1;385001;392500
393,7505;390,001;397,5;2;594;Cheese_3_Wild;3,37449620427881e-02;dxy;CCBN010000002.1;390001;397500
1458,7505;1455,001;1462,5;2;807;Cheese_3_Wild;2,63801587301587e-02;dxy;CCBN010000002.1;1455001;1462500
443,7505;440,001;447,5;2;604;Mixed-origin_Cheese clade;1,42661913145672e-02;dxy;CCBN010000002.1;440001;447500
1643,7505;1640,001;1647,5;2;844;Mixed-origin_Cheese clade;1,78016857523771e-02;dxy;CCBN010000002.1;1640001;1647500
1653,7505;1650,001;1657,5;2;846;Mixed-origin_Cheese clade;1,61619860038873e-02;dxy;CCBN010000002.1;1650001;1657500
1658,7505;1655,001;1662,5;2;847;Mixed-origin_Cheese clade;1,87984875785694e-02;dxy;CCBN010000002.1;1655001;1662500
1933,7505;1930,001;1937,5;2;902;Mixed-origin_Cheese clade;1,63177277721417e-02;dxy;CCBN010000002.1;1930001;1937500
58,7505;55,001;62,5;2;527;Mixed-origin_Wild;2,31183597883598e-02;dxy;CCBN010000002.1;55001;62500
68,7505;65,001;72,5;2;529;Mixed-origin_Wild;2,70780952380952e-02;dxy;CCBN010000002.1;65001;72500
388,7505;385,001;392,5;2;593;Mixed-origin_Wild;2,43085185185185e-02;dxy;CCBN010000002.1;385001;392500
393,7505;390,001;397,5;2;594;Mixed-origin_Wild;3,23561904761905e-02;dxy;CCBN010000002.1;390001;397500
1458,7505;1455,001;1462,5;2;807;Mixed-origin_Wild;2,71020105820106e-02;dxy;CCBN010000002.1;1455001;1462500
58,7505;55,001;62,5;2;527;Wild_Cheese clade;2,34533520533521e-02;dxy;CCBN010000002.1;55001;62500
68,7505;65,001;72,5;2;529;Wild_Cheese clade;2,57480510366826e-02;dxy;CCBN010000002.1;65001;72500
393,7505;390,001;397,5;2;594;Wild_Cheese clade;3,37607668521954e-02;dxy;CCBN010000002.1;390001;397500
1458,7505;1455,001;1462,5;2;807;Wild_Cheese clade;2,75833245014360e-02;dxy;CCBN010000002.1;1455001;1462500
1643,7505;1640,001;1647,5;2;844;Wild_Cheese clade;2,62349150173438e-02;dxy;CCBN010000002.1;1640001;1647500
68,7505;65,001;72,5;3;949;Cheese_1_Cheese_3;1,16673913043478e-02;dxy;CCBN010000003.1;65001;72500
128,7505;125,001;132,5;3;961;Cheese_1_Cheese_3;1,27214975845411e-02;dxy;CCBN010000003.1;125001;132500
133,7505;130,001;137,5;3;962;Cheese_1_Cheese_3;1,03088888888889e-02;dxy;CCBN010000003.1;130001;137500
1148,7505;1145,001;1152,5;3;1165;Cheese_1_Cheese_3;1,08607655797840e-02;dxy;CCBN010000003.1;1145001;1152500
128,7505;125,001;132,5;3;961;Cheese_1_Mixed-origin;1,65856038647343e-02;dxy;CCBN010000003.1;125001;132500
993,7505;990,001;997,5;3;1134;Cheese_1_Mixed-origin;1,67235426731079e-02;dxy;CCBN010000003.1;990001;997500
1113,7505;1110,001;1117,5;3;1158;Cheese_1_Mixed-origin;1,69936392914654e-02;dxy;CCBN010000003.1;1110001;1117500
1148,7505;1145,001;1152,5;3;1165;Cheese_1_Mixed-origin;1,71167929485550e-02;dxy;CCBN010000003.1;1145001;1152500
13,7505;10,001;17,5;3;938;Cheese_1_Wild;2,36400276052450e-02;dxy;CCBN010000003.1;10001;17500
1518,7505;1515,001;1522,5;3;1239;Cheese_1_Wild;2,59098688750863e-02;dxy;CCBN010000003.1;1515001;1522500
1593,7505;1590,001;1597,5;3;1254;Cheese_1_Wild;2,78312353347136e-02;dxy;CCBN010000003.1;1590001;1597500
1598,7505;1595,001;1602,5;3;1255;Cheese_1_Wild;2,42300207039337e-02;dxy;CCBN010000003.1;1595001;1602500
993,7505;990,001;997,5;3;1134;Cheese_3_Mixed-origin;1,64703542673108e-02;dxy;CCBN010000003.1;990001;997500
1088,7505;1085,001;1092,5;3;1153;Cheese_3_Mixed-origin;1,60101234567901e-02;dxy;CCBN010000003.1;1085001;1092500
1113,7505;1110,001;1117,5;3;1158;Cheese_3_Mixed-origin;1,59309259259259e-02;dxy;CCBN010000003.1;1110001;1117500
1593,7505;1590,001;1597,5;3;1254;Cheese_3_Mixed-origin;1,60266670849280e-02;dxy;CCBN010000003.1;1590001;1597500
1263,7505;1260,001;1267,5;3;1188;Cheese_3_Wild;2,30531746031746e-02;dxy;CCBN010000003.1;1260001;1267500
1518,7505;1515,001;1522,5;3;1239;Cheese_3_Wild;2,59880952380952e-02;dxy;CCBN010000003.1;1515001;1522500
1593,7505;1590,001;1597,5;3;1254;Cheese_3_Wild;2,75611086015434e-02;dxy;CCBN010000003.1;1590001;1597500
1598,7505;1595,001;1602,5;3;1255;Cheese_3_Wild;2,43084154171111e-02;dxy;CCBN010000003.1;1595001;1602500
993,7505;990,001;997,5;3;1134;Mixed-origin_Cheese clade;1,63487934482671e-02;dxy;CCBN010000003.1;990001;997500
1113,7505;1110,001;1117,5;3;1158;Mixed-origin_Cheese clade;1,56495863395863e-02;dxy;CCBN010000003.1;1110001;1117500
1328,7505;1325,001;1332,5;3;1201;Mixed-origin_Cheese clade;1,57384704184704e-02;dxy;CCBN010000003.1;1325001;1332500
1593,7505;1590,001;1597,5;3;1254;Mixed-origin_Cheese clade;1,58942178173492e-02;dxy;CCBN010000003.1;1590001;1597500
993,7505;990,001;997,5;3;1134;Mixed-origin_Wild;2,44877248677249e-02;dxy;CCBN010000003.1;990001;997500
1518,7505;1515,001;1522,5;3;1239;Mixed-origin_Wild;2,61398941798942e-02;dxy;CCBN010000003.1;1515001;1522500
1593,7505;1590,001;1597,5;3;1254;Mixed-origin_Wild;2,68371277399849e-02;dxy;CCBN010000003.1;1590001;1597500
1598,7505;1595,001;1602,5;3;1255;Mixed-origin_Wild;2,49482917611489e-02;dxy;CCBN010000003.1;1595001;1602500
1263,7505;1260,001;1267,5;3;1188;Wild_Cheese clade;2,33650793650794e-02;dxy;CCBN010000003.1;1260001;1267500
1518,7505;1515,001;1522,5;3;1239;Wild_Cheese clade;2,59525458668316e-02;dxy;CCBN010000003.1;1515001;1522500
1593,7505;1590,001;1597,5;3;1254;Wild_Cheese clade;2,75833049945931e-02;dxy;CCBN010000003.1;1590001;1597500
1598,7505;1595,001;1602,5;3;1255;Wild_Cheese clade;2,43187401444643e-02;dxy;CCBN010000003.1;1595001;1602500
258,7505;255,001;262,5;4;1345;Cheese_1_Cheese_3;1,99844751866491e-02;dxy;CCBN010000004.1;255001;262500
263,7505;260,001;267,5;4;1346;Cheese_1_Cheese_3;1,73460578873622e-02;dxy;CCBN010000004.1;260001;267500
383,7505;380,001;387,5;4;1370;Cheese_1_Cheese_3;1,78505461037597e-02;dxy;CCBN010000004.1;380001;387500
708,7505;705,001;712,5;4;1435;Cheese_1_Cheese_3;1,73805445761968e-02;dxy;CCBN010000004.1;705001;712500
258,7505;255,001;262,5;4;1345;Cheese_1_Mixed-origin;1,88581174059435e-02;dxy;CCBN010000004.1;255001;262500
653,7505;650,001;657,5;4;1424;Cheese_1_Mixed-origin;1,87203262438045e-02;dxy;CCBN010000004.1;650001;657500
748,7505;745,001;752,5;4;1443;Cheese_1_Mixed-origin;1,74392362548884e-02;dxy;CCBN010000004.1;745001;752500
758,7505;755,001;762,5;4;1445;Cheese_1_Mixed-origin;1,95231159420290e-02;dxy;CCBN010000004.1;755001;762500
8,7505;5,001;12,5;4;1295;Cheese_1_Wild;2,28327185061668e-02;dxy;CCBN010000004.1;5001;12500
163,7505;160,001;167,5;4;1326;Cheese_1_Wild;2,25289164941339e-02;dxy;CCBN010000004.1;160001;167500
918,7505;915,001;922,5;4;1477;Cheese_1_Wild;2,58241294936947e-02;dxy;CCBN010000004.1;915001;922500
1288,7505;1285,001;1292,5;4;1551;Cheese_1_Wild;2,69523809523810e-02;dxy;CCBN010000004.1;1285001;1292500
383,7505;380,001;387,5;4;1370;Cheese_3_Mixed-origin;1,80676880607315e-02;dxy;CCBN010000004.1;380001;387500
653,7505;650,001;657,5;4;1424;Cheese_3_Mixed-origin;1,77885470085470e-02;dxy;CCBN010000004.1;650001;657500
678,7505;675,001;682,5;4;1429;Cheese_3_Mixed-origin;1,65945320701842e-02;dxy;CCBN010000004.1;675001;682500
708,7505;705,001;712,5;4;1435;Cheese_3_Mixed-origin;1,84709539842873e-02;dxy;CCBN010000004.1;705001;712500
8,7505;5,001;12,5;4;1295;Cheese_3_Wild;2,28252957875936e-02;dxy;CCBN010000004.1;5001;12500
918,7505;915,001;922,5;4;1477;Cheese_3_Wild;2,61603174603175e-02;dxy;CCBN010000004.1;915001;922500
1253,7505;1250,001;1257,5;4;1544;Cheese_3_Wild;2,34391373360939e-02;dxy;CCBN010000004.1;1250001;1257500
1288,7505;1285,001;1292,5;4;1551;Cheese_3_Wild;2,70023809523810e-02;dxy;CCBN010000004.1;1285001;1292500
8,7505;5,001;12,5;4;1295;Mixed-origin_Cheese clade;1,51376273358251e-02;dxy;CCBN010000004.1;5001;12500
258,7505;255,001;262,5;4;1345;Mixed-origin_Cheese clade;1,58756159805621e-02;dxy;CCBN010000004.1;255001;262500
653,7505;650,001;657,5;4;1424;Mixed-origin_Cheese clade;1,85011664070929e-02;dxy;CCBN010000004.1;650001;657500
663,7505;660,001;667,5;4;1426;Mixed-origin_Cheese clade;1,63730649856966e-02;dxy;CCBN010000004.1;660001;667500
163,7505;160,001;167,5;4;1326;Mixed-origin_Wild;2,15100529100529e-02;dxy;CCBN010000004.1;160001;167500
748,7505;745,001;752,5;4;1443;Mixed-origin_Wild;2,10639153439153e-02;dxy;CCBN010000004.1;745001;752500
918,7505;915,001;922,5;4;1477;Mixed-origin_Wild;2,68647619047619e-02;dxy;CCBN010000004.1;915001;922500
1288,7505;1285,001;1292,5;4;1551;Mixed-origin_Wild;2,64400000000000e-02;dxy;CCBN010000004.1;1285001;1292500
8,7505;5,001;12,5;4;1295;Wild_Cheese clade;2,21775668472023e-02;dxy;CCBN010000004.1;5001;12500
663,7505;660,001;667,5;4;1426;Wild_Cheese clade;2,15415580799039e-02;dxy;CCBN010000004.1;660001;667500
918,7505;915,001;922,5;4;1477;Wild_Cheese clade;2,60740129110655e-02;dxy;CCBN010000004.1;915001;922500
1288,7505;1285,001;1292,5;4;1551;Wild_Cheese clade;2,69398724082935e-02;dxy;CCBN010000004.1;1285001;1292500
463,7505;460,001;467,5;5;1722;Cheese_1_Cheese_3;1,26174948240166e-02;dxy;CCBN010000005.1;460001;467500
468,7505;465,001;472,5;5;1723;Cheese_1_Cheese_3;1,28737360820481e-02;dxy;CCBN010000005.1;465001;472500
473,7505;470,001;477,5;5;1724;Cheese_1_Cheese_3;1,40975788576300e-02;dxy;CCBN010000005.1;470001;477500
1273,7505;1270,001;1277,5;5;1884;Cheese_1_Cheese_3;1,34120302402911e-02;dxy;CCBN010000005.1;1270001;1277500
463,7505;460,001;467,5;5;1722;Cheese_1_Mixed-origin;2,36918518518519e-02;dxy;CCBN010000005.1;460001;467500
468,7505;465,001;472,5;5;1723;Cheese_1_Mixed-origin;1,99711433172303e-02;dxy;CCBN010000005.1;465001;472500
473,7505;470,001;477,5;5;1724;Cheese_1_Mixed-origin;1,96341062801932e-02;dxy;CCBN010000005.1;470001;477500
493,7505;490,001;497,5;5;1728;Cheese_1_Mixed-origin;2,13113687600644e-02;dxy;CCBN010000005.1;490001;497500
463,7505;460,001;467,5;5;1722;Cheese_1_Wild;2,52571428571429e-02;dxy;CCBN010000005.1;460001;467500
493,7505;490,001;497,5;5;1728;Cheese_1_Wild;2,46074534161491e-02;dxy;CCBN010000005.1;490001;497500
808,7505;805,001;812,5;5;1791;Cheese_1_Wild;2,38068795176347e-02;dxy;CCBN010000005.1;805001;812500
1208,7505;1205,001;1212,5;5;1871;Cheese_1_Wild;2,57010351966874e-02;dxy;CCBN010000005.1;1205001;1212500
273,7505;270,001;277,5;5;1684;Cheese_3_Mixed-origin;1,46437417654809e-02;dxy;CCBN010000005.1;270001;277500
278,7505;275,001;282,5;5;1685;Cheese_3_Mixed-origin;1,63991841116479e-02;dxy;CCBN010000005.1;275001;282500
308,7505;305,001;312,5;5;1691;Cheese_3_Mixed-origin;1,72179256331430e-02;dxy;CCBN010000005.1;305001;312500
313,7505;310,001;317,5;5;1692;Cheese_3_Mixed-origin;1,50474318059825e-02;dxy;CCBN010000005.1;310001;317500
463,7505;460,001;467,5;5;1722;Cheese_3_Wild;2,09046043633458e-02;dxy;CCBN010000005.1;460001;467500
808,7505;805,001;812,5;5;1791;Cheese_3_Wild;2,40432988267771e-02;dxy;CCBN010000005.1;805001;812500
813,7505;810,001;817,5;5;1792;Cheese_3_Wild;2,13085231193927e-02;dxy;CCBN010000005.1;810001;817500
1208,7505;1205,001;1212,5;5;1871;Cheese_3_Wild;2,16649758454106e-02;dxy;CCBN010000005.1;1205001;1212500
308,7505;305,001;312,5;5;1691;Mixed-origin_Cheese clade;1,72670230919453e-02;dxy;CCBN010000005.1;305001;312500
463,7505;460,001;467,5;5;1722;Mixed-origin_Cheese clade;1,95702078428394e-02;dxy;CCBN010000005.1;460001;467500
468,7505;465,001;472,5;5;1723;Mixed-origin_Cheese clade;1,64480108823227e-02;dxy;CCBN010000005.1;465001;472500
493,7505;490,001;497,5;5;1728;Mixed-origin_Cheese clade;1,73805521299837e-02;dxy;CCBN010000005.1;490001;497500
808,7505;805,001;812,5;5;1791;Mixed-origin_Wild;2,22355555555556e-02;dxy;CCBN010000005.1;805001;812500
813,7505;810,001;817,5;5;1792;Mixed-origin_Wild;2,21885714285714e-02;dxy;CCBN010000005.1;810001;817500
938,7505;935,001;942,5;5;1817;Mixed-origin_Wild;2,28393650793651e-02;dxy;CCBN010000005.1;935001;942500
1208,7505;1205,001;1212,5;5;1871;Mixed-origin_Wild;2,35028571428571e-02;dxy;CCBN010000005.1;1205001;1212500
463,7505;460,001;467,5;5;1722;Wild_Cheese clade;2,32736148451938e-02;dxy;CCBN010000005.1;460001;467500
493,7505;490,001;497,5;5;1728;Wild_Cheese clade;2,29045947863692e-02;dxy;CCBN010000005.1;490001;497500
808,7505;805,001;812,5;5;1791;Wild_Cheese clade;2,38645851080904e-02;dxy;CCBN010000005.1;805001;812500
1208,7505;1205,001;1212,5;5;1871;Wild_Cheese clade;2,37423461250529e-02;dxy;CCBN010000005.1;1205001;1212500
38,7505;35,001;42,5;6;1967;Cheese_1_Cheese_3;1,35831159420290e-02;dxy;CCBN010000006.1;35001;42500
43,7505;40,001;47,5;6;1968;Cheese_1_Cheese_3;1,34012318840580e-02;dxy;CCBN010000006.1;40001;47500
183,7505;180,001;187,5;6;1996;Cheese_1_Cheese_3;1,33010557642316e-02;dxy;CCBN010000006.1;180001;187500
178,7505;175,001;182,5;6;1995;Cheese_1_Mixed-origin;1,82764343225213e-02;dxy;CCBN010000006.1;175001;182500
183,7505;180,001;187,5;6;1996;Cheese_1_Mixed-origin;1,61089346884999e-02;dxy;CCBN010000006.1;180001;187500
573,7505;570,001;577,5;6;2074;Cheese_1_Mixed-origin;1,95272479268387e-02;dxy;CCBN010000006.1;570001;577500
178,7505;175,001;182,5;6;1995;Cheese_1_Wild;2,43831884057971e-02;dxy;CCBN010000006.1;175001;182500
183,7505;180,001;187,5;6;1996;Cheese_1_Wild;2,34896756383713e-02;dxy;CCBN010000006.1;180001;187500
473,7505;470,001;477,5;6;2054;Cheese_1_Wild;2,14426501035197e-02;dxy;CCBN010000006.1;470001;477500
178,7505;175,001;182,5;6;1995;Cheese_3_Mixed-origin;1,56514320422635e-02;dxy;CCBN010000006.1;175001;182500
573,7505;570,001;577,5;6;2074;Cheese_3_Mixed-origin;2,04220611916264e-02;dxy;CCBN010000006.1;570001;577500
578,7505;575,001;582,5;6;2075;Cheese_3_Mixed-origin;1,57230306905371e-02;dxy;CCBN010000006.1;575001;582500
178,7505;175,001;182,5;6;1995;Cheese_3_Wild;2,09822303342898e-02;dxy;CCBN010000006.1;175001;182500
473,7505;470,001;477,5;6;2054;Cheese_3_Wild;2,13680956440547e-02;dxy;CCBN010000006.1;470001;477500
573,7505;570,001;577,5;6;2074;Cheese_3_Wild;2,14568438003221e-02;dxy;CCBN010000006.1;570001;577500
3,7505;0,001;7,5;6;1960;Mixed-origin_Cheese clade;1,44900623940399e-02;dxy;CCBN010000006.1;1;7500
178,7505;175,001;182,5;6;1995;Mixed-origin_Cheese clade;1,58574399110244e-02;dxy;CCBN010000006.1;175001;182500
573,7505;570,001;577,5;6;2074;Mixed-origin_Cheese clade;1,53006905678476e-02;dxy;CCBN010000006.1;570001;577500
178,7505;175,001;182,5;6;1995;Mixed-origin_Wild;2,16112169312169e-02;dxy;CCBN010000006.1;175001;182500
473,7505;470,001;477,5;6;2054;Mixed-origin_Wild;2,10423280423280e-02;dxy;CCBN010000006.1;470001;477500
683,7505;680,001;687,5;6;2096;Mixed-origin_Wild;2,07180952380952e-02;dxy;CCBN010000006.1;680001;687500
178,7505;175,001;182,5;6;1995;Wild_Cheese clade;2,19992902378112e-02;dxy;CCBN010000006.1;175001;182500
473,7505;470,001;477,5;6;2054;Wild_Cheese clade;2,11248777766071e-02;dxy;CCBN010000006.1;470001;477500
683,7505;680,001;687,5;6;2096;Wild_Cheese clade;2,01219054128829e-02;dxy;CCBN010000006.1;680001;687500
13,7505;10,001;17,5;7;2214;Cheese_1_Cheese_3;2,60175612457276e-02;dxy;CCBN010000007.1;10001;17500
858,7505;855,001;862,5;7;2383;Cheese_1_Cheese_3;2,22014565949349e-02;dxy;CCBN010000007.1;855001;862500
1073,7505;1070,001;1077,5;7;2426;Cheese_1_Cheese_3;2,05807031412523e-02;dxy;CCBN010000007.1;1070001;1077500
858,7505;855,001;862,5;7;2383;Cheese_1_Mixed-origin;2,54353623188406e-02;dxy;CCBN010000007.1;855001;862500
1033,7505;1030,001;1037,5;7;2418;Cheese_1_Mixed-origin;2,24931400966184e-02;dxy;CCBN010000007.1;1030001;1037500
1038,7505;1035,001;1042,5;7;2419;Cheese_1_Mixed-origin;2,09301495284104e-02;dxy;CCBN010000007.1;1035001;1042500
13,7505;10,001;17,5;7;2214;Cheese_1_Wild;2,94850743459439e-02;dxy;CCBN010000007.1;10001;17500
353,7505;350,001;357,5;7;2282;Cheese_1_Wild;2,85779158040028e-02;dxy;CCBN010000007.1;350001;357500
858,7505;855,001;862,5;7;2383;Cheese_1_Wild;3,54086956521739e-02;dxy;CCBN010000007.1;855001;862500
13,7505;10,001;17,5;7;2214;Cheese_3_Mixed-origin;2,37705291005291e-02;dxy;CCBN010000007.1;10001;17500
858,7505;855,001;862,5;7;2383;Cheese_3_Mixed-origin;2,62638720538721e-02;dxy;CCBN010000007.1;855001;862500
1073,7505;1070,001;1077,5;7;2426;Cheese_3_Mixed-origin;2,64574122871224e-02;dxy;CCBN010000007.1;1070001;1077500
353,7505;350,001;357,5;7;2282;Cheese_3_Wild;2,84269841269841e-02;dxy;CCBN010000007.1;350001;357500
1038,7505;1035,001;1042,5;7;2419;Cheese_3_Wild;2,67904761904762e-02;dxy;CCBN010000007.1;1035001;1042500
1073,7505;1070,001;1077,5;7;2426;Cheese_3_Wild;3,27006221636656e-02;dxy;CCBN010000007.1;1070001;1077500
858,7505;855,001;862,5;7;2383;Mixed-origin_Cheese clade;2,50001814778236e-02;dxy;CCBN010000007.1;855001;862500
1033,7505;1030,001;1037,5;7;2418;Mixed-origin_Cheese clade;2,22716036353510e-02;dxy;CCBN010000007.1;1030001;1037500
1073,7505;1070,001;1077,5;7;2426;Mixed-origin_Cheese clade;2,06740258809572e-02;dxy;CCBN010000007.1;1070001;1077500
13,7505;10,001;17,5;7;2214;Mixed-origin_Wild;2,79456084656085e-02;dxy;CCBN010000007.1;10001;17500
358,7505;355,001;362,5;7;2283;Mixed-origin_Wild;2,55888888888889e-02;dxy;CCBN010000007.1;355001;362500
858,7505;855,001;862,5;7;2383;Mixed-origin_Wild;2,89752380952381e-02;dxy;CCBN010000007.1;855001;862500
353,7505;350,001;357,5;7;2282;Wild_Cheese clade;2,86187045969903e-02;dxy;CCBN010000007.1;350001;357500
858,7505;855,001;862,5;7;2383;Wild_Cheese clade;3,08708842437564e-02;dxy;CCBN010000007.1;855001;862500
1073,7505;1070,001;1077,5;7;2426;Wild_Cheese clade;2,74721903803131e-02;dxy;CCBN010000007.1;1070001;1077500
98,7505;95,001;102,5;8;2472;Cheese_1_Cheese_3;9,81596269227848e-03;dxy;CCBN010000008.1;95001;102500
663,7505;660,001;667,5;8;2585;Cheese_1_Cheese_3;9,74563021519543e-03;dxy;CCBN010000008.1;660001;667500
968,7505;965,001;972,5;8;2646;Cheese_1_Cheese_3;1,52142380324989e-02;dxy;CCBN010000008.1;965001;972500
348,7505;345,001;352,5;8;2522;Cheese_1_Mixed-origin;1,44976489533011e-02;dxy;CCBN010000008.1;345001;352500
658,7505;655,001;662,5;8;2584;Cheese_1_Mixed-origin;1,66983574879227e-02;dxy;CCBN010000008.1;655001;662500
968,7505;965,001;972,5;8;2646;Cheese_1_Mixed-origin;1,73208695652174e-02;dxy;CCBN010000008.1;965001;972500
658,7505;655,001;662,5;8;2584;Cheese_1_Wild;2,78501035196687e-02;dxy;CCBN010000008.1;655001;662500
673,7505;670,001;677,5;8;2587;Cheese_1_Wild;2,76927536231884e-02;dxy;CCBN010000008.1;670001;677500
678,7505;675,001;682,5;8;2588;Cheese_1_Wild;3,55549482401656e-02;dxy;CCBN010000008.1;675001;682500
348,7505;345,001;352,5;8;2522;Cheese_3_Mixed-origin;1,39303142536476e-02;dxy;CCBN010000008.1;345001;352500
658,7505;655,001;662,5;8;2584;Cheese_3_Mixed-origin;1,64497101449275e-02;dxy;CCBN010000008.1;655001;662500
663,7505;660,001;667,5;8;2585;Cheese_3_Mixed-origin;1,55828282828283e-02;dxy;CCBN010000008.1;660001;667500
663,7505;660,001;667,5;8;2585;Cheese_3_Wild;2,81463203463203e-02;dxy;CCBN010000008.1;660001;667500
673,7505;670,001;677,5;8;2587;Cheese_3_Wild;2,77111111111111e-02;dxy;CCBN010000008.1;670001;677500
678,7505;675,001;682,5;8;2588;Cheese_3_Wild;3,54530158730159e-02;dxy;CCBN010000008.1;675001;682500
348,7505;345,001;352,5;8;2522;Mixed-origin_Cheese clade;1,39432641101972e-02;dxy;CCBN010000008.1;345001;352500
423,7505;420,001;427,5;8;2537;Mixed-origin_Cheese clade;1,19099043062201e-02;dxy;CCBN010000008.1;420001;427500
658,7505;655,001;662,5;8;2584;Mixed-origin_Cheese clade;1,68536918052708e-02;dxy;CCBN010000008.1;655001;662500
348,7505;345,001;352,5;8;2522;Mixed-origin_Wild;2,56110052910053e-02;dxy;CCBN010000008.1;345001;352500
673,7505;670,001;677,5;8;2587;Mixed-origin_Wild;2,81881481481481e-02;dxy;CCBN010000008.1;670001;677500
678,7505;675,001;682,5;8;2588;Mixed-origin_Wild;3,63028571428571e-02;dxy;CCBN010000008.1;675001;682500
658,7505;655,001;662,5;8;2584;Wild_Cheese clade;2,67886391664587e-02;dxy;CCBN010000008.1;655001;662500
673,7505;670,001;677,5;8;2587;Wild_Cheese clade;2,77076401076401e-02;dxy;CCBN010000008.1;670001;677500
678,7505;675,001;682,5;8;2588;Wild_Cheese clade;3,55085714285714e-02;dxy;CCBN010000008.1;675001;682500
263,7505;260,001;267,5;9;2736;Cheese_1_Cheese_3;1,79135288228828e-02;dxy;CCBN010000009.1;260001;267500
458,7505;455,001;462,5;9;2775;Cheese_1_Cheese_3;1,96379918951840e-02;dxy;CCBN010000009.1;455001;462500
463,7505;460,001;467,5;9;2776;Cheese_1_Cheese_3;1,93608426534056e-02;dxy;CCBN010000009.1;460001;467500
403,7505;400,001;407,5;9;2764;Cheese_1_Mixed-origin;2,17711615005894e-02;dxy;CCBN010000009.1;400001;407500
463,7505;460,001;467,5;9;2776;Cheese_1_Mixed-origin;1,81766614384006e-02;dxy;CCBN010000009.1;460001;467500
863,7505;860,001;867,5;9;2856;Cheese_1_Mixed-origin;1,91600000000000e-02;dxy;CCBN010000009.1;860001;867500
403,7505;400,001;407,5;9;2764;Cheese_1_Wild;2,80019515191140e-02;dxy;CCBN010000009.1;400001;407500
458,7505;455,001;462,5;9;2775;Cheese_1_Wild;2,72321550912855e-02;dxy;CCBN010000009.1;455001;462500
463,7505;460,001;467,5;9;2776;Cheese_1_Wild;3,07220854507811e-02;dxy;CCBN010000009.1;460001;467500
263,7505;260,001;267,5;9;2736;Cheese_3_Mixed-origin;1,86037042203794e-02;dxy;CCBN010000009.1;260001;267500
403,7505;400,001;407,5;9;2764;Cheese_3_Mixed-origin;2,41877777777778e-02;dxy;CCBN010000009.1;400001;407500
463,7505;460,001;467,5;9;2776;Cheese_3_Mixed-origin;1,86265912402144e-02;dxy;CCBN010000009.1;460001;467500
58,7505;55,001;62,5;9;2695;Cheese_3_Wild;2,73928025107511e-02;dxy;CCBN010000009.1;55001;62500
403,7505;400,001;407,5;9;2764;Cheese_3_Wild;2,91547619047619e-02;dxy;CCBN010000009.1;400001;407500
498,7505;495,001;502,5;9;2783;Cheese_3_Wild;2,55485714285714e-02;dxy;CCBN010000009.1;495001;502500
263,7505;260,001;267,5;9;2736;Mixed-origin_Cheese clade;1,87395664623403e-02;dxy;CCBN010000009.1;260001;267500
403,7505;400,001;407,5;9;2764;Mixed-origin_Cheese clade;2,07577964418622e-02;dxy;CCBN010000009.1;400001;407500
463,7505;460,001;467,5;9;2776;Mixed-origin_Cheese clade;1,83190634325310e-02;dxy;CCBN010000009.1;460001;467500
38,7505;35,001;42,5;9;2691;Mixed-origin_Wild;2,46457142857143e-02;dxy;CCBN010000009.1;35001;42500
58,7505;55,001;62,5;9;2695;Mixed-origin_Wild;2,66335308641975e-02;dxy;CCBN010000009.1;55001;62500
658,7505;655,001;662,5;9;2815;Mixed-origin_Wild;2,31574074074074e-02;dxy;CCBN010000009.1;655001;662500
58,7505;55,001;62,5;9;2695;Wild_Cheese clade;2,71407814204955e-02;dxy;CCBN010000009.1;55001;62500
403,7505;400,001;407,5;9;2764;Wild_Cheese clade;2,75367582764632e-02;dxy;CCBN010000009.1;400001;407500
463,7505;460,001;467,5;9;2776;Wild_Cheese clade;2,56480143726407e-02;dxy;CCBN010000009.1;460001;467500
258,7505;255,001;262,5;10;2947;Cheese_1_Cheese_3;1,63287439613527e-02;dxy;CCBN010000010.1;255001;262500
393,7505;390,001;397,5;10;2974;Cheese_1_Cheese_3;1,45737444205308e-02;dxy;CCBN010000010.1;390001;397500
138,7505;135,001;142,5;10;2923;Cheese_1_Mixed-origin;2,21001028922768e-02;dxy;CCBN010000010.1;135001;142500
393,7505;390,001;397,5;10;2974;Cheese_1_Mixed-origin;2,19609173366316e-02;dxy;CCBN010000010.1;390001;397500
393,7505;390,001;397,5;10;2974;Cheese_1_Wild;3,18317878578748e-02;dxy;CCBN010000010.1;390001;397500
568,7505;565,001;572,5;10;3009;Cheese_1_Wild;2,35599472990777e-02;dxy;CCBN010000010.1;565001;572500
138,7505;135,001;142,5;10;2923;Cheese_3_Mixed-origin;2,13867283602066e-02;dxy;CCBN010000010.1;135001;142500
393,7505;390,001;397,5;10;2974;Cheese_3_Mixed-origin;2,14847833755080e-02;dxy;CCBN010000010.1;390001;397500
393,7505;390,001;397,5;10;2974;Cheese_3_Wild;3,24134575569358e-02;dxy;CCBN010000010.1;390001;397500
838,7505;835,001;842,5;10;3063;Cheese_3_Wild;2,21428571428571e-02;dxy;CCBN010000010.1;835001;842500
138,7505;135,001;142,5;10;2923;Mixed-origin_Cheese clade;2,11954433749105e-02;dxy;CCBN010000010.1;135001;142500
393,7505;390,001;397,5;10;2974;Mixed-origin_Cheese clade;2,18421803147080e-02;dxy;CCBN010000010.1;390001;397500
138,7505;135,001;142,5;10;2923;Mixed-origin_Wild;2,57638095238095e-02;dxy;CCBN010000010.1;135001;142500
393,7505;390,001;397,5;10;2974;Mixed-origin_Wild;3,28514361300076e-02;dxy;CCBN010000010.1;390001;397500
393,7505;390,001;397,5;10;2974;Wild_Cheese clade;3,19249921353637e-02;dxy;CCBN010000010.1;390001;397500
568,7505;565,001;572,5;10;3009;Wild_Cheese clade;2,27192180639740e-02;dxy;CCBN010000010.1;565001;572500
488,7505;485,001;492,5;11;3176;Cheese_1_Cheese_3;1,89944507183638e-02;dxy;CCBN010000011.1;485001;492500
493,7505;490,001;497,5;11;3177;Cheese_1_Cheese_3;1,32793640887462e-02;dxy;CCBN010000011.1;490001;497500
158,7505;155,001;162,5;11;3110;Cheese_1_Mixed-origin;1,90576489533011e-02;dxy;CCBN010000011.1;155001;162500
288,7505;285,001;292,5;11;3136;Cheese_1_Mixed-origin;1,93551690821256e-02;dxy;CCBN010000011.1;285001;292500
218,7505;215,001;222,5;11;3122;Cheese_1_Wild;2,34310559006211e-02;dxy;CCBN010000011.1;215001;222500
508,7505;505,001;512,5;11;3180;Cheese_1_Wild;2,20115942028986e-02;dxy;CCBN010000011.1;505001;512500
158,7505;155,001;162,5;11;3110;Cheese_3_Mixed-origin;1,84554320987654e-02;dxy;CCBN010000011.1;155001;162500
288,7505;285,001;292,5;11;3136;Cheese_3_Mixed-origin;1,95811111111111e-02;dxy;CCBN010000011.1;285001;292500
218,7505;215,001;222,5;11;3122;Cheese_3_Wild;2,29491373360939e-02;dxy;CCBN010000011.1;215001;222500
508,7505;505,001;512,5;11;3180;Cheese_3_Wild;2,10158730158730e-02;dxy;CCBN010000011.1;505001;512500
158,7505;155,001;162,5;11;3110;Mixed-origin_Cheese clade;1,74018495734285e-02;dxy;CCBN010000011.1;155001;162500
288,7505;285,001;292,5;11;3136;Mixed-origin_Cheese clade;1,92059294701400e-02;dxy;CCBN010000011.1;285001;292500
218,7505;215,001;222,5;11;3122;Mixed-origin_Wild;2,15949206349206e-02;dxy;CCBN010000011.1;215001;222500
288,7505;285,001;292,5;11;3136;Mixed-origin_Wild;2,13263492063492e-02;dxy;CCBN010000011.1;285001;292500
218,7505;215,001;222,5;11;3122;Wild_Cheese clade;2,32191098928072e-02;dxy;CCBN010000011.1;215001;222500
763,7505;760,001;767,5;11;3231;Wild_Cheese clade;2,06772603718764e-02;dxy;CCBN010000011.1;760001;767500
278,7505;275,001;282,5;12;3315;Cheese_1_Cheese_3;1,19445264236569e-02;dxy;CCBN010000012.1;275001;282500
298,7505;295,001;302,5;12;3319;Cheese_1_Cheese_3;1,03156935579587e-02;dxy;CCBN010000012.1;295001;302500
278,7505;275,001;282,5;12;3315;Cheese_1_Mixed-origin;1,52626477333724e-02;dxy;CCBN010000012.1;275001;282500
308,7505;305,001;312,5;12;3321;Cheese_1_Mixed-origin;1,50364031202292e-02;dxy;CCBN010000012.1;305001;312500
503,7505;500,001;507,5;12;3360;Cheese_1_Wild;2,78205659075224e-02;dxy;CCBN010000012.1;500001;507500
508,7505;505,001;512,5;12;3361;Cheese_1_Wild;3,17188405797101e-02;dxy;CCBN010000012.1;505001;512500
308,7505;305,001;312,5;12;3321;Cheese_3_Mixed-origin;1,45670163331033e-02;dxy;CCBN010000012.1;305001;312500
708,7505;705,001;712,5;12;3401;Cheese_3_Mixed-origin;1,45525603864734e-02;dxy;CCBN010000012.1;705001;712500
503,7505;500,001;507,5;12;3360;Cheese_3_Wild;2,75579365079365e-02;dxy;CCBN010000012.1;500001;507500
508,7505;505,001;512,5;12;3361;Cheese_3_Wild;3,11907062341845e-02;dxy;CCBN010000012.1;505001;512500
308,7505;305,001;312,5;12;3321;Mixed-origin_Cheese clade;1,45339965212110e-02;dxy;CCBN010000012.1;305001;312500
708,7505;705,001;712,5;12;3401;Mixed-origin_Cheese clade;1,43175362597731e-02;dxy;CCBN010000012.1;705001;712500
503,7505;500,001;507,5;12;3360;Mixed-origin_Wild;2,74828571428571e-02;dxy;CCBN010000012.1;500001;507500
508,7505;505,001;512,5;12;3361;Mixed-origin_Wild;3,14463492063492e-02;dxy;CCBN010000012.1;505001;512500
503,7505;500,001;507,5;12;3360;Wild_Cheese clade;2,77147459147459e-02;dxy;CCBN010000012.1;500001;507500
508,7505;505,001;512,5;12;3361;Wild_Cheese clade;3,14810484615525e-02;dxy;CCBN010000012.1;505001;512500
788,7505;785,001;792,5;13;3594;Cheese_1_Cheese_3;7,06980676328502e-03;dxy;CCBN010000013.1;785001;792500
793,7505;790,001;797,5;13;3595;Cheese_1_Cheese_3;7,38115942028985e-03;dxy;CCBN010000013.1;790001;797500
128,7505;125,001;132,5;13;3462;Cheese_1_Mixed-origin;2,30380486019616e-02;dxy;CCBN010000013.1;125001;132500
818,7505;815,001;822,5;13;3600;Cheese_1_Mixed-origin;1,90815107597716e-02;dxy;CCBN010000013.1;815001;822500
98,7505;95,001;102,5;13;3456;Cheese_1_Wild;2,77196687370600e-02;dxy;CCBN010000013.1;95001;102500
128,7505;125,001;132,5;13;3462;Cheese_1_Wild;3,26126858648598e-02;dxy;CCBN010000013.1;125001;132500
128,7505;125,001;132,5;13;3462;Cheese_3_Mixed-origin;2,39498166447079e-02;dxy;CCBN010000013.1;125001;132500
818,7505;815,001;822,5;13;3600;Cheese_3_Mixed-origin;1,90988888888889e-02;dxy;CCBN010000013.1;815001;822500
128,7505;125,001;132,5;13;3462;Cheese_3_Wild;3,36180500658762e-02;dxy;CCBN010000013.1;125001;132500
133,7505;130,001;137,5;13;3463;Cheese_3_Wild;2,69000721500721e-02;dxy;CCBN010000013.1;130001;137500
128,7505;125,001;132,5;13;3462;Mixed-origin_Cheese clade;2,57106863655042e-02;dxy;CCBN010000013.1;125001;132500
133,7505;130,001;137,5;13;3463;Mixed-origin_Cheese clade;1,92695485715243e-02;dxy;CCBN010000013.1;130001;137500
98,7505;95,001;102,5;13;3456;Mixed-origin_Wild;2,48292063492063e-02;dxy;CCBN010000013.1;95001;102500
128,7505;125,001;132,5;13;3462;Mixed-origin_Wild;2,71659788359788e-02;dxy;CCBN010000013.1;125001;132500
128,7505;125,001;132,5;13;3462;Wild_Cheese clade;3,48953912788182e-02;dxy;CCBN010000013.1;125001;132500
133,7505;130,001;137,5;13;3463;Wild_Cheese clade;2,90019395096972e-02;dxy;CCBN010000013.1;130001;137500
543,7505;540,001;547,5;14;3718;Cheese_1_Cheese_3;1,09006128843906e-02;dxy;CCBN010000014.1;540001;547500
593,7505;590,001;597,5;14;3728;Cheese_1_Cheese_3;1,42589371980676e-02;dxy;CCBN010000014.1;590001;597500
543,7505;540,001;547,5;14;3718;Cheese_1_Mixed-origin;1,41121110417678e-02;dxy;CCBN010000014.1;540001;547500
593,7505;590,001;597,5;14;3728;Cheese_1_Mixed-origin;1,61996595353117e-02;dxy;CCBN010000014.1;590001;597500
543,7505;540,001;547,5;14;3718;Cheese_1_Wild;2,75020489299665e-02;dxy;CCBN010000014.1;540001;547500
548,7505;545,001;552,5;14;3719;Cheese_1_Wild;2,27001568479829e-02;dxy;CCBN010000014.1;545001;552500
543,7505;540,001;547,5;14;3718;Cheese_3_Mixed-origin;1,45957407407407e-02;dxy;CCBN010000014.1;540001;547500
593,7505;590,001;597,5;14;3728;Cheese_3_Mixed-origin;1,50459880377272e-02;dxy;CCBN010000014.1;590001;597500
543,7505;540,001;547,5;14;3718;Cheese_3_Wild;2,67505866114562e-02;dxy;CCBN010000014.1;540001;547500
548,7505;545,001;552,5;14;3719;Cheese_3_Wild;2,23355875525441e-02;dxy;CCBN010000014.1;545001;552500
543,7505;540,001;547,5;14;3718;Mixed-origin_Cheese clade;1,41753704376949e-02;dxy;CCBN010000014.1;540001;547500
593,7505;590,001;597,5;14;3728;Mixed-origin_Cheese clade;1,57150958203590e-02;dxy;CCBN010000014.1;590001;597500
543,7505;540,001;547,5;14;3718;Mixed-origin_Wild;3,09118518518519e-02;dxy;CCBN010000014.1;540001;547500
548,7505;545,001;552,5;14;3719;Mixed-origin_Wild;2,41834920634921e-02;dxy;CCBN010000014.1;545001;552500
543,7505;540,001;547,5;14;3718;Wild_Cheese clade;2,72260052175743e-02;dxy;CCBN010000014.1;540001;547500
548,7505;545,001;552,5;14;3719;Wild_Cheese clade;2,19164947924111e-02;dxy;CCBN010000014.1;545001;552500
693,7505;690,001;697,5;15;3906;Cheese_1_Cheese_3;1,75116195810856e-02;dxy;CCBN010000015.1;690001;697500
703,7505;700,001;707,5;15;3908;Cheese_1_Cheese_3;1,46582345191041e-02;dxy;CCBN010000015.1;700001;707500
323,7505;320,001;327,5;15;3832;Cheese_1_Mixed-origin;1,64173521969174e-02;dxy;CCBN010000015.1;320001;327500
693,7505;690,001;697,5;15;3906;Cheese_1_Mixed-origin;1,76238088545915e-02;dxy;CCBN010000015.1;690001;697500
553,7505;550,001;557,5;15;3878;Cheese_1_Wild;2,15940272288098e-02;dxy;CCBN010000015.1;550001;557500
693,7505;690,001;697,5;15;3906;Cheese_1_Wild;2,65613041386954e-02;dxy;CCBN010000015.1;690001;697500
178,7505;175,001;182,5;15;3803;Cheese_3_Mixed-origin;1,22591310621745e-02;dxy;CCBN010000015.1;175001;182500
303,7505;300,001;307,5;15;3828;Cheese_3_Mixed-origin;1,25183145464305e-02;dxy;CCBN010000015.1;300001;307500
178,7505;175,001;182,5;15;3803;Cheese_3_Wild;2,05990620490620e-02;dxy;CCBN010000015.1;175001;182500
553,7505;550,001;557,5;15;3878;Cheese_3_Wild;2,25430480791350e-02;dxy;CCBN010000015.1;550001;557500
178,7505;175,001;182,5;15;3803;Mixed-origin_Cheese clade;1,29464031976370e-02;dxy;CCBN010000015.1;175001;182500
323,7505;320,001;327,5;15;3832;Mixed-origin_Cheese clade;1,29207230438315e-02;dxy;CCBN010000015.1;320001;327500
178,7505;175,001;182,5;15;3803;Mixed-origin_Wild;2,22209523809524e-02;dxy;CCBN010000015.1;175001;182500
553,7505;550,001;557,5;15;3878;Mixed-origin_Wild;2,27187301587302e-02;dxy;CCBN010000015.1;550001;557500
553,7505;550,001;557,5;15;3878;Wild_Cheese clade;2,19558895535596e-02;dxy;CCBN010000015.1;550001;557500
693,7505;690,001;697,5;15;3906;Wild_Cheese clade;2,09787807300910e-02;dxy;CCBN010000015.1;690001;697500
233,7505;230,001;237,5;16;3955;Cheese_1_Cheese_3;1,64782106782107e-02;dxy;CCBN010000016.1;230001;237500
513,7505;510,001;517,5;16;4011;Cheese_1_Cheese_3;1,79445761967501e-02;dxy;CCBN010000016.1;510001;517500
403,7505;400,001;407,5;16;3989;Cheese_1_Mixed-origin;1,94178605935128e-02;dxy;CCBN010000016.1;400001;407500
433,7505;430,001;437,5;16;3995;Cheese_1_Mixed-origin;2,32145571658615e-02;dxy;CCBN010000016.1;430001;437500
238,7505;235,001;242,5;16;3956;Cheese_1_Wild;2,45094547964113e-02;dxy;CCBN010000016.1;235001;242500
513,7505;510,001;517,5;16;4011;Cheese_1_Wild;2,52786749482402e-02;dxy;CCBN010000016.1;510001;517500
403,7505;400,001;407,5;16;3989;Cheese_3_Mixed-origin;2,20577777777778e-02;dxy;CCBN010000016.1;400001;407500
433,7505;430,001;437,5;16;3995;Cheese_3_Mixed-origin;2,24344390767579e-02;dxy;CCBN010000016.1;430001;437500
343,7505;340,001;347,5;16;3977;Cheese_3_Wild;2,47803438107786e-02;dxy;CCBN010000016.1;340001;347500
433,7505;430,001;437,5;16;3995;Cheese_3_Wild;2,24714285714286e-02;dxy;CCBN010000016.1;430001;437500
403,7505;400,001;407,5;16;3989;Mixed-origin_Cheese clade;2,12141398951925e-02;dxy;CCBN010000016.1;400001;407500
433,7505;430,001;437,5;16;3995;Mixed-origin_Cheese clade;2,03550446968347e-02;dxy;CCBN010000016.1;430001;437500
403,7505;400,001;407,5;16;3989;Mixed-origin_Wild;2,57495238095238e-02;dxy;CCBN010000016.1;400001;407500
513,7505;510,001;517,5;16;4011;Mixed-origin_Wild;2,48154497354497e-02;dxy;CCBN010000016.1;510001;517500
238,7505;235,001;242,5;16;3956;Wild_Cheese clade;2,26853106061560e-02;dxy;CCBN010000016.1;235001;242500
343,7505;340,001;347,5;16;3977;Wild_Cheese clade;2,46496480596731e-02;dxy;CCBN010000016.1;340001;347500
13,7505;10,001;17,5;17;4043;Cheese_1_Cheese_3;1,75891304347826e-02;dxy;CCBN010000017.1;10001;17500
18,7505;15,001;22,5;17;4044;Cheese_1_Cheese_3;1,73454106280193e-02;dxy;CCBN010000017.1;15001;22500
28,7505;25,001;32,5;17;4046;Cheese_1_Mixed-origin;1,36846077754773e-02;dxy;CCBN010000017.1;25001;32500
243,7505;240,001;247,5;17;4089;Cheese_1_Mixed-origin;1,37715942028986e-02;dxy;CCBN010000017.1;240001;247500
13,7505;10,001;17,5;17;4043;Cheese_1_Wild;2,28008281573499e-02;dxy;CCBN010000017.1;10001;17500
23,7505;20,001;27,5;17;4045;Cheese_1_Wild;2,14540510697032e-02;dxy;CCBN010000017.1;20001;27500
13,7505;10,001;17,5;17;4043;Cheese_3_Mixed-origin;1,28122222222222e-02;dxy;CCBN010000017.1;10001;17500
243,7505;240,001;247,5;17;4089;Cheese_3_Mixed-origin;1,14056741326307e-02;dxy;CCBN010000017.1;240001;247500
243,7505;240,001;247,5;17;4089;Cheese_3_Wild;2,03373235460192e-02;dxy;CCBN010000017.1;240001;247500
403,7505;400,001;407,5;17;4121;Cheese_3_Wild;1,69558730158730e-02;dxy;CCBN010000017.1;400001;407500
13,7505;10,001;17,5;17;4043;Mixed-origin_Cheese clade;1,19764502164502e-02;dxy;CCBN010000017.1;10001;17500
243,7505;240,001;247,5;17;4089;Mixed-origin_Cheese clade;1,28726340700235e-02;dxy;CCBN010000017.1;240001;247500
13,7505;10,001;17,5;17;4043;Mixed-origin_Wild;1,90552380952381e-02;dxy;CCBN010000017.1;10001;17500
243,7505;240,001;247,5;17;4089;Mixed-origin_Wild;2,01650793650794e-02;dxy;CCBN010000017.1;240001;247500
13,7505;10,001;17,5;17;4043;Wild_Cheese clade;1,72987012987013e-02;dxy;CCBN010000017.1;10001;17500
243,7505;240,001;247,5;17;4089;Wild_Cheese clade;1,85995097700962e-02;dxy;CCBN010000017.1;240001;247500
123,7505;120,001;127,5;18;4185;Cheese_1_Cheese_3;1,11409052720017e-02;dxy;CCBN010000018.1;120001;127500
128,7505;125,001;132,5;18;4186;Cheese_1_Cheese_3;1,08546698872786e-02;dxy;CCBN010000018.1;125001;132500
33,7505;30,001;37,5;18;4167;Cheese_1_Mixed-origin;2,04524476650564e-02;dxy;CCBN010000018.1;30001;37500
253,7505;250,001;257,5;18;4211;Cheese_1_Mixed-origin;2,00933333333333e-02;dxy;CCBN010000018.1;250001;257500
128,7505;125,001;132,5;18;4186;Cheese_1_Wild;2,06489440993789e-02;dxy;CCBN010000018.1;125001;132500
253,7505;250,001;257,5;18;4211;Cheese_1_Wild;2,77857142857143e-02;dxy;CCBN010000018.1;250001;257500
33,7505;30,001;37,5;18;4167;Cheese_3_Mixed-origin;2,04925925925926e-02;dxy;CCBN010000018.1;30001;37500
253,7505;250,001;257,5;18;4211;Cheese_3_Mixed-origin;1,93903703703704e-02;dxy;CCBN010000018.1;250001;257500
253,7505;250,001;257,5;18;4211;Cheese_3_Wild;2,76476190476190e-02;dxy;CCBN010000018.1;250001;257500
473,7505;470,001;477,5;18;4255;Cheese_3_Wild;1,90352380952381e-02;dxy;CCBN010000018.1;470001;477500
33,7505;30,001;37,5;18;4167;Mixed-origin_Cheese clade;2,04129822029822e-02;dxy;CCBN010000018.1;30001;37500
253,7505;250,001;257,5;18;4211;Mixed-origin_Cheese clade;1,85709523150619e-02;dxy;CCBN010000018.1;250001;257500
253,7505;250,001;257,5;18;4211;Mixed-origin_Wild;2,76291005291005e-02;dxy;CCBN010000018.1;250001;257500
473,7505;470,001;477,5;18;4255;Mixed-origin_Wild;1,82800000000000e-02;dxy;CCBN010000018.1;470001;477500
253,7505;250,001;257,5;18;4211;Wild_Cheese clade;2,77466295609153e-02;dxy;CCBN010000018.1;250001;257500
473,7505;470,001;477,5;18;4255;Wild_Cheese clade;1,89076561533704e-02;dxy;CCBN010000018.1;470001;477500
423,7505;420,001;427,5;19;4356;Cheese_1_Cheese_3;1,27683574879227e-02;dxy;CCBN010000019.1;420001;427500
278,7505;275,001;282,5;19;4327;Cheese_1_Mixed-origin;1,71178605935128e-02;dxy;CCBN010000019.1;275001;282500
423,7505;420,001;427,5;19;4356;Cheese_1_Wild;2,29374741200828e-02;dxy;CCBN010000019.1;420001;427500
278,7505;275,001;282,5;19;4327;Cheese_3_Mixed-origin;1,74481680155593e-02;dxy;CCBN010000019.1;275001;282500
423,7505;420,001;427,5;19;4356;Cheese_3_Wild;2,52420634920635e-02;dxy;CCBN010000019.1;420001;427500
278,7505;275,001;282,5;19;4327;Mixed-origin_Cheese clade;1,69163186599394e-02;dxy;CCBN010000019.1;275001;282500
423,7505;420,001;427,5;19;4356;Mixed-origin_Wild;2,35583068783069e-02;dxy;CCBN010000019.1;420001;427500
423,7505;420,001;427,5;19;4356;Wild_Cheese clade;2,40435374149660e-02;dxy;CCBN010000019.1;420001;427500
233,7505;230,001;237,5;20;4418;Cheese_1_Cheese_3;8,35034053439851e-03;dxy;CCBN010000020.1;230001;237500
48,7505;45,001;52,5;20;4381;Cheese_1_Mixed-origin;1,49879273061882e-02;dxy;CCBN010000020.1;45001;52500
48,7505;45,001;52,5;20;4381;Cheese_1_Wild;1,89083505866115e-02;dxy;CCBN010000020.1;45001;52500
48,7505;45,001;52,5;20;4381;Cheese_3_Mixed-origin;1,27732816340368e-02;dxy;CCBN010000020.1;45001;52500
48,7505;45,001;52,5;20;4381;Cheese_3_Wild;1,96294932984636e-02;dxy;CCBN010000020.1;45001;52500
48,7505;45,001;52,5;20;4381;Mixed-origin_Cheese clade;1,43421588759114e-02;dxy;CCBN010000020.1;45001;52500
48,7505;45,001;52,5;20;4381;Mixed-origin_Wild;1,92389417989418e-02;dxy;CCBN010000020.1;45001;52500
48,7505;45,001;52,5;20;4381;Wild_Cheese clade;1,98307463513656e-02;dxy;CCBN010000020.1;45001;52500
113,7505;110,001;117,5;21;4467;Cheese_1_Cheese_3;1,05537037037037e-02;dxy;CCBN010000021.1;110001;117500
43,7505;40,001;47,5;21;4453;Cheese_1_Mixed-origin;1,04266173118347e-02;dxy;CCBN010000021.1;40001;47500
108,7505;105,001;112,5;21;4466;Cheese_1_Wild;2,11155279503106e-02;dxy;CCBN010000021.1;105001;112500
113,7505;110,001;117,5;21;4467;Cheese_3_Mixed-origin;1,25970960815888e-02;dxy;CCBN010000021.1;110001;117500
108,7505;105,001;112,5;21;4466;Cheese_3_Wild;2,08253968253968e-02;dxy;CCBN010000021.1;105001;112500
113,7505;110,001;117,5;21;4467;Mixed-origin_Cheese clade;1,12873370294423e-02;dxy;CCBN010000021.1;110001;117500
113,7505;110,001;117,5;21;4467;Mixed-origin_Wild;2,00929100529101e-02;dxy;CCBN010000021.1;110001;117500
108,7505;105,001;112,5;21;4466;Wild_Cheese clade;2,08303453438792e-02;dxy;CCBN010000021.1;105001;112500
83,7505;80,001;87,5;22;4523;Cheese_1_Cheese_3;1,27752152999979e-02;dxy;CCBN010000022.1;80001;87500
83,7505;80,001;87,5;22;4523;Cheese_1_Mixed-origin;1,42771315640881e-02;dxy;CCBN010000022.1;80001;87500
153,7505;150,001;157,5;22;4537;Cheese_1_Wild;2,66443616287095e-02;dxy;CCBN010000022.1;150001;157500
263,7505;260,001;267,5;22;4559;Cheese_3_Mixed-origin;8,90299516908213e-03;dxy;CCBN010000022.1;260001;267500
153,7505;150,001;157,5;22;4537;Cheese_3_Wild;2,69985714285714e-02;dxy;CCBN010000022.1;150001;157500
53,7505;50,001;57,5;22;4517;Mixed-origin_Cheese clade;8,40371628371628e-03;dxy;CCBN010000022.1;50001;57500
153,7505;150,001;157,5;22;4537;Mixed-origin_Wild;2,70158730158730e-02;dxy;CCBN010000022.1;150001;157500
153,7505;150,001;157,5;22;4537;Wild_Cheese clade;2,69455205112348e-02;dxy;CCBN010000022.1;150001;157500
113,7505;110,001;117,5;23;4591;Cheese_1_Cheese_3;1,48919191919192e-02;dxy;CCBN010000023.1;110001;117500
8,7505;5,001;12,5;23;4570;Cheese_1_Mixed-origin;2,12429629629630e-02;dxy;CCBN010000023.1;5001;12500
238,7505;235,001;242,5;23;4616;Cheese_1_Wild;2,10319116632160e-02;dxy;CCBN010000023.1;235001;242500
3,7505;0,001;7,5;23;4569;Cheese_3_Mixed-origin;1,60398148148148e-02;dxy;CCBN010000023.1;1;7500
238,7505;235,001;242,5;23;4616;Cheese_3_Wild;2,34295238095238e-02;dxy;CCBN010000023.1;235001;242500
8,7505;5,001;12,5;23;4570;Mixed-origin_Cheese clade;1,86690948295261e-02;dxy;CCBN010000023.1;5001;12500
238,7505;235,001;242,5;23;4616;Mixed-origin_Wild;2,33901587301587e-02;dxy;CCBN010000023.1;235001;242500
238,7505;235,001;242,5;23;4616;Wild_Cheese clade;2,18144319290715e-02;dxy;CCBN010000023.1;235001;242500
58,7505;55,001;62,5;24;4640;Cheese_1_Cheese_3;1,35200263504611e-02;dxy;CCBN010000024.1;55001;62500
173,7505;170,001;177,5;24;4663;Cheese_1_Mixed-origin;1,33524637681159e-02;dxy;CCBN010000024.1;170001;177500
263,7505;260,001;267,5;24;4681;Cheese_1_Wild;1,83269841269841e-02;dxy;CCBN010000024.1;260001;267500
98,7505;95,001;102,5;24;4648;Cheese_3_Mixed-origin;1,32093344068706e-02;dxy;CCBN010000024.1;95001;102500
263,7505;260,001;267,5;24;4681;Cheese_3_Wild;1,80992063492064e-02;dxy;CCBN010000024.1;260001;267500
173,7505;170,001;177,5;24;4663;Mixed-origin_Cheese clade;1,26567965367965e-02;dxy;CCBN010000024.1;170001;177500
98,7505;95,001;102,5;24;4648;Mixed-origin_Wild;1,76946031746032e-02;dxy;CCBN010000024.1;95001;102500
263,7505;260,001;267,5;24;4681;Wild_Cheese clade;1,81992147034252e-02;dxy;CCBN010000024.1;260001;267500
88,7505;85,001;92,5;25;4699;Cheese_1_Cheese_3;8,52898550724638e-03;dxy;CCBN010000025.1;85001;92500
88,7505;85,001;92,5;25;4699;Cheese_1_Mixed-origin;1,13900161030596e-02;dxy;CCBN010000025.1;85001;92500
88,7505;85,001;92,5;25;4699;Cheese_1_Wild;1,89514147688061e-02;dxy;CCBN010000025.1;85001;92500
88,7505;85,001;92,5;25;4699;Cheese_3_Mixed-origin;8,30377104377104e-03;dxy;CCBN010000025.1;85001;92500
88,7505;85,001;92,5;25;4699;Cheese_3_Wild;1,78034632034632e-02;dxy;CCBN010000025.1;85001;92500
88,7505;85,001;92,5;25;4699;Mixed-origin_Cheese clade;9,59243728079549e-03;dxy;CCBN010000025.1;85001;92500
88,7505;85,001;92,5;25;4699;Mixed-origin_Wild;1,99324867724868e-02;dxy;CCBN010000025.1;85001;92500
88,7505;85,001;92,5;25;4699;Wild_Cheese clade;1,85800782964962e-02;dxy;CCBN010000025.1;85001;92500
158,7505;155,001;162,5;26;4759;Cheese_1_Cheese_3;6,47134805613067e-03;dxy;CCBN010000026.1;155001;162500
178,7505;175,001;182,5;26;4763;Cheese_1_Mixed-origin;1,04029307568438e-02;dxy;CCBN010000026.1;175001;182500
178,7505;175,001;182,5;26;4763;Cheese_1_Wild;2,26062111801242e-02;dxy;CCBN010000026.1;175001;182500
178,7505;175,001;182,5;26;4763;Cheese_3_Mixed-origin;1,05487037037037e-02;dxy;CCBN010000026.1;175001;182500
178,7505;175,001;182,5;26;4763;Cheese_3_Wild;2,27547619047619e-02;dxy;CCBN010000026.1;175001;182500
178,7505;175,001;182,5;26;4763;Mixed-origin_Cheese clade;1,06595950430341e-02;dxy;CCBN010000026.1;175001;182500
178,7505;175,001;182,5;26;4763;Mixed-origin_Wild;2,25929100529101e-02;dxy;CCBN010000026.1;175001;182500
178,7505;175,001;182,5;26;4763;Wild_Cheese clade;2,26262040253131e-02;dxy;CCBN010000026.1;175001;182500
128,7505;125,001;132,5;27;4796;Cheese_1_Cheese_3;8,43405797101449e-03;dxy;CCBN010000027.1;125001;132500
48,7505;45,001;52,5;27;4780;Cheese_1_Mixed-origin;1,71153623188406e-02;dxy;CCBN010000027.1;45001;52500
8,7505;5,001;12,5;27;4772;Cheese_1_Wild;2,66056038647343e-02;dxy;CCBN010000027.1;5001;12500
48,7505;45,001;52,5;27;4780;Cheese_3_Mixed-origin;1,62750505050505e-02;dxy;CCBN010000027.1;45001;52500
8,7505;5,001;12,5;27;4772;Cheese_3_Wild;2,67003703703704e-02;dxy;CCBN010000027.1;5001;12500
48,7505;45,001;52,5;27;4780;Mixed-origin_Cheese clade;1,62890826068908e-02;dxy;CCBN010000027.1;45001;52500
8,7505;5,001;12,5;27;4772;Mixed-origin_Wild;2,54825396825397e-02;dxy;CCBN010000027.1;5001;12500
8,7505;5,001;12,5;27;4772;Wild_Cheese clade;2,67642436244810e-02;dxy;CCBN010000027.1;5001;12500
173,7505;170,001;177,5;28;4848;Cheese_1_Cheese_3;1,23364253779647e-02;dxy;CCBN010000028.1;170001;177500
178,7505;175,001;182,5;28;4849;Cheese_1_Cheese_3;1,34982723925338e-02;dxy;CCBN010000028.1;175001;182500
173,7505;170,001;177,5;28;4848;Cheese_1_Mixed-origin;1,67506303197608e-02;dxy;CCBN010000028.1;170001;177500
233,7505;230,001;237,5;28;4860;Cheese_1_Mixed-origin;1,79520128824477e-02;dxy;CCBN010000028.1;230001;237500
33,7505;30,001;37,5;28;4820;Cheese_1_Wild;2,93911387163561e-02;dxy;CCBN010000028.1;30001;37500
233,7505;230,001;237,5;28;4860;Cheese_1_Wild;2,57258799171843e-02;dxy;CCBN010000028.1;230001;237500
173,7505;170,001;177,5;28;4848;Cheese_3_Mixed-origin;1,83600920871935e-02;dxy;CCBN010000028.1;170001;177500
178,7505;175,001;182,5;28;4849;Cheese_3_Mixed-origin;1,73701106301106e-02;dxy;CCBN010000028.1;175001;182500
33,7505;30,001;37,5;28;4820;Cheese_3_Wild;2,96542857142857e-02;dxy;CCBN010000028.1;30001;37500
443,7505;440,001;447,5;28;4902;Cheese_3_Wild;2,50555555555556e-02;dxy;CCBN010000028.1;440001;447500
173,7505;170,001;177,5;28;4848;Mixed-origin_Cheese clade;1,83323567521158e-02;dxy;CCBN010000028.1;170001;177500
178,7505;175,001;182,5;28;4849;Mixed-origin_Cheese clade;1,69975801986423e-02;dxy;CCBN010000028.1;175001;182500
33,7505;30,001;37,5;28;4820;Mixed-origin_Wild;2,95166666666667e-02;dxy;CCBN010000028.1;30001;37500
38,7505;35,001;42,5;28;4821;Mixed-origin_Wild;2,24723809523810e-02;dxy;CCBN010000028.1;35001;42500
33,7505;30,001;37,5;28;4820;Wild_Cheese clade;2,95397831374974e-02;dxy;CCBN010000028.1;30001;37500
443,7505;440,001;447,5;28;4902;Wild_Cheese clade;2,40423592863442e-02;dxy;CCBN010000028.1;440001;447500
